,ID,Sex,Marital status,Age,Education,Income,Occupation,Settlement size,customer_segment
0,100000001,0,0,67,2,124670,1,2,0
1,100000002,1,1,22,1,150773,1,2,2
2,100000003,0,0,49,1,89210,0,0,1
3,100000004,0,0,45,1,171565,1,1,3
4,100000005,0,0,53,1,149031,1,1,3
5,100000006,0,0,35,1,144848,0,0,1
6,100000007,0,0,53,1,156495,1,1,3
7,100000008,0,0,35,1,193621,2,1,3
8,100000009,0,1,61,2,151591,0,0,0
9,100000010,0,1,28,1,174646,2,0,3
10,100000011,1,1,25,1,108469,1,0,2
11,100000012,1,1,24,1,127596,1,0,2
12,100000013,1,1,22,1,108687,1,2,2
13,100000014,0,0,60,2,89374,0,0,1
14,100000015,1,1,28,1,102899,1,1,2
15,100000016,1,1,32,1,88428,0,0,2
16,100000017,0,0,53,1,125550,1,0,1
17,100000018,0,0,25,0,157434,1,2,3
18,100000019,1,1,44,2,261952,2,2,0
19,100000020,0,0,31,0,144657,1,1,3
20,100000021,0,0,48,1,118777,1,1,3
21,100000022,0,0,44,1,147511,1,1,3
22,100000023,0,0,48,1,89804,0,0,1
23,100000024,0,0,44,1,134918,1,2,3
24,100000025,0,1,26,1,103667,1,2,3
25,100000026,0,0,36,1,71909,0,0,1
26,100000027,0,1,39,1,68264,0,0,1
27,100000028,1,1,42,2,163025,1,1,0
28,100000029,0,0,34,1,119307,1,1,3
29,100000030,0,0,63,2,175882,1,0,0
30,100000031,0,1,36,1,159646,1,1,3
31,100000032,0,0,27,0,120131,1,1,3
32,100000033,0,0,30,0,162745,1,2,3
33,100000034,0,0,57,2,87605,0,0,1
34,100000035,1,1,33,1,155569,2,1,2
35,100000036,0,0,25,0,104505,0,0,1
36,100000037,0,0,31,0,143385,1,2,3
37,100000038,0,0,37,1,127676,1,1,3
38,100000039,0,0,37,1,119276,1,1,3
39,100000040,0,0,24,0,92542,1,1,3
40,100000041,0,0,30,0,163329,2,1,3
41,100000042,0,1,26,1,130921,1,0,2
42,100000043,0,0,44,1,133658,0,0,1
43,100000044,0,1,24,1,155104,1,1,3
44,100000045,1,1,58,2,142335,0,1,0
45,100000046,1,1,35,1,138387,2,1,2
46,100000047,0,0,39,1,140182,1,0,1
47,100000048,1,1,23,1,65421,0,0,2
48,100000049,0,0,39,1,130500,0,0,1
49,100000050,1,1,28,1,122831,1,0,2
50,100000051,0,0,29,0,84531,0,0,1
51,100000052,0,0,30,0,180196,2,2,3
52,100000053,0,0,25,0,92058,1,2,3
53,100000054,0,0,31,0,117158,1,0,1
54,100000055,0,0,57,2,135830,1,1,0
55,100000056,0,0,26,0,58258,0,0,1
56,100000057,0,0,52,1,202575,2,2,3
57,100000058,1,1,31,1,183657,1,1,2
58,100000059,1,1,23,1,152267,2,1,2
59,100000060,1,1,23,1,115240,0,0,2
60,100000061,0,1,27,1,106955,1,2,3
61,100000062,0,0,50,1,123641,1,1,3
62,100000063,0,0,61,2,166410,2,1,0
63,100000064,0,0,25,0,227385,1,2,3
64,100000065,1,1,26,1,118372,1,1,2
65,100000066,0,0,48,1,148115,1,1,3
66,100000067,1,1,29,1,111069,1,0,2
67,100000068,0,1,22,1,139780,1,0,2
68,100000069,0,0,37,1,106978,1,2,3
69,100000070,1,1,25,1,110019,1,2,2
70,100000071,1,1,30,1,169102,1,1,2
71,100000072,0,0,46,1,73703,0,0,1
72,100000073,0,0,51,1,141858,2,2,3
73,100000074,1,1,41,2,135959,0,0,2
74,100000075,0,0,40,1,140888,2,2,3
75,100000076,0,0,66,2,157299,2,2,0
76,100000077,0,0,34,1,125187,1,1,3
77,100000078,0,0,51,1,155486,1,2,3
78,100000079,0,0,39,1,151697,0,0,1
79,100000080,0,1,22,1,126400,1,1,2
80,100000081,1,1,44,2,159246,1,2,0
81,100000082,0,0,47,1,136138,1,1,3
82,100000083,1,1,24,1,84792,0,0,2
83,100000084,1,1,58,2,100210,0,0,0
84,100000085,0,0,52,1,93706,0,0,1
85,100000086,1,1,29,1,133783,2,1,2
86,100000087,1,1,27,1,110064,1,2,2
87,100000088,0,0,47,1,241068,1,1,3
88,100000089,0,0,30,0,149022,2,2,3
89,100000090,0,0,28,0,92973,1,2,3
90,100000091,0,0,56,1,110605,1,1,3
91,100000092,0,0,54,1,116604,1,1,3
92,100000093,1,1,33,1,71070,0,0,2
93,100000094,0,0,20,0,128678,1,1,3
94,100000095,0,0,54,1,165230,1,2,3
95,100000096,0,0,58,2,268340,1,1,0
96,100000097,1,1,61,2,135070,1,1,0
97,100000098,0,0,34,1,134794,1,2,3
98,100000099,0,0,36,1,120153,1,1,3
99,100000100,0,0,36,1,195465,2,2,3
100,100000101,0,1,41,1,93372,0,0,1
101,100000102,0,0,24,0,110446,1,0,1
102,100000103,1,1,24,1,95186,1,1,2
103,100000104,0,0,35,1,115343,1,1,3
104,100000105,0,1,26,1,107276,1,1,2
105,100000106,0,0,39,1,244716,2,2,3
106,100000107,0,0,39,1,183108,2,2,3
107,100000108,0,0,32,0,152876,1,2,3
108,100000109,1,1,30,1,165147,1,0,2
109,100000110,0,1,35,1,140520,1,0,2
110,100000111,0,1,31,1,124203,1,1,3
111,100000112,1,1,23,1,107205,1,1,2
112,100000113,0,0,28,0,121432,0,2,3
113,100000114,1,1,25,1,162445,1,0,2
114,100000115,0,1,35,1,134112,1,1,3
115,100000116,0,0,47,1,131842,1,1,3
116,100000117,1,1,30,1,189896,2,0,2
117,100000118,1,1,27,1,109099,1,2,2
118,100000119,1,1,23,1,153539,1,1,2
119,100000120,0,1,36,1,180495,2,1,3
120,100000121,1,1,25,1,104653,1,2,2
121,100000122,1,1,41,2,166933,2,2,0
122,100000123,0,0,24,0,66118,0,0,1
123,100000124,0,0,63,2,135754,1,0,0
124,100000125,1,1,27,1,116103,1,2,2
125,100000126,0,0,30,0,104293,1,1,3
126,100000127,0,1,40,1,71702,0,0,1
127,100000128,0,0,30,0,99066,1,2,3
128,100000129,0,0,34,1,143979,2,2,3
129,100000130,1,1,29,1,123818,1,0,2
130,100000131,1,1,24,1,176714,1,2,2
131,100000132,0,0,29,0,149249,1,2,3
132,100000133,0,0,27,0,77535,0,0,1
133,100000134,0,0,47,1,116540,1,1,3
134,100000135,1,1,21,1,194728,1,0,2
135,100000136,1,1,38,1,109311,1,2,2
136,100000137,0,0,27,0,204723,1,2,3
137,100000138,0,0,66,2,126003,0,0,0
138,100000139,0,0,35,1,123109,1,1,3
139,100000140,1,1,44,2,108251,0,0,2
140,100000141,0,1,27,1,89908,0,0,2
141,100000142,1,1,30,1,176057,2,1,2
142,100000143,0,0,27,0,144332,2,2,3
143,100000144,0,0,22,0,101185,1,1,3
144,100000145,1,1,23,1,107406,1,2,2
145,100000146,0,0,30,0,140665,1,1,3
146,100000147,1,1,39,2,106461,1,0,2
147,100000148,1,1,51,2,127825,1,0,0
148,100000149,0,0,28,0,133898,1,1,3
149,100000150,0,0,46,1,152383,1,2,3
150,100000151,0,0,42,1,119926,1,0,1
151,100000152,0,0,38,1,108784,1,2,3
152,100000153,0,0,24,0,153286,1,1,3
153,100000154,1,1,29,1,214204,1,2,3
154,100000155,0,0,36,1,208101,2,2,3
155,100000156,1,1,20,1,95355,1,1,2
156,100000157,0,0,48,1,124156,1,1,3
157,100000158,0,1,45,2,72215,0,0,2
158,100000159,0,0,38,1,146529,1,2,3
159,100000160,0,0,34,1,75343,0,0,1
160,100000161,0,0,36,1,129789,1,1,3
161,100000162,1,1,30,1,101153,1,1,2
162,100000163,0,0,36,1,127833,1,2,3
163,100000164,0,0,70,2,224998,2,2,0
164,100000165,0,0,36,1,124445,1,2,3
165,100000166,0,0,32,0,141116,1,1,3
166,100000167,1,1,33,1,104276,1,2,2
167,100000168,1,1,20,1,147687,1,2,2
168,100000169,1,1,25,1,125168,1,1,2
169,100000170,0,1,31,1,115369,1,2,3
170,100000171,0,0,33,1,95445,1,0,1
171,100000172,1,1,26,1,95159,1,1,2
172,100000173,1,1,34,1,153031,2,2,3
173,100000174,0,0,33,1,108899,1,0,1
174,100000175,0,0,26,0,113515,1,1,3
175,100000176,1,1,53,2,211229,2,0,0
176,100000177,0,1,42,2,121307,1,0,0
177,100000178,0,0,52,1,131727,1,2,3
178,100000179,0,0,31,0,133574,2,1,3
179,100000180,0,0,65,2,117334,1,0,0
180,100000181,0,1,28,1,177291,1,2,3
181,100000182,0,1,30,1,168763,2,1,3
182,100000183,0,0,40,1,77720,0,0,1
183,100000184,0,0,50,1,176645,1,2,3
184,100000185,0,0,36,1,106205,1,1,3
185,100000186,0,0,31,0,97785,1,1,3
186,100000187,1,1,74,3,214364,2,1,0
187,100000188,0,0,68,2,74525,0,0,1
188,100000189,0,1,20,1,98988,1,0,2
189,100000190,1,1,33,1,133561,1,1,2
190,100000191,0,0,54,1,217651,2,2,3
191,100000192,0,0,34,1,116525,0,0,1
192,100000193,0,0,36,1,135302,1,2,3
193,100000194,0,1,29,1,106434,1,1,2
194,100000195,0,0,21,0,128350,1,2,3
195,100000196,1,1,34,1,147626,2,2,3
196,100000197,1,1,28,1,102697,1,0,2
197,100000198,1,1,27,1,120262,1,0,2
198,100000199,0,0,36,1,124214,1,2,3
199,100000200,0,1,40,1,175223,2,1,3
200,100000201,0,0,52,1,137467,1,0,1
201,100000202,0,1,27,1,65815,0,0,2
202,100000203,0,0,26,0,129864,1,1,3
203,100000204,0,1,21,1,88475,1,1,2
204,100000205,0,0,38,1,74666,0,0,1
205,100000206,0,0,38,1,222294,2,2,3
206,100000207,0,0,43,1,112878,1,0,1
207,100000208,0,0,26,0,103411,1,2,3
208,100000209,0,1,21,1,112868,0,0,2
209,100000210,0,0,55,1,157940,1,2,3
210,100000211,0,0,33,1,115835,1,2,3
211,100000212,1,1,45,2,109807,0,0,2
212,100000213,0,0,50,1,150699,1,1,3
213,100000214,0,0,66,2,178967,2,0,0
214,100000215,0,0,51,1,132767,1,0,1
215,100000216,1,1,39,2,86152,0,0,2
216,100000217,0,0,31,0,114528,1,2,3
217,100000218,0,0,23,0,133912,1,1,3
218,100000219,0,1,24,1,81210,0,0,2
219,100000220,1,1,64,3,131242,1,0,0
220,100000221,0,1,26,1,68804,0,0,2
221,100000222,1,1,23,1,96961,1,1,2
222,100000223,0,0,30,0,90719,1,2,3
223,100000224,0,0,32,0,114116,1,1,3
224,100000225,0,0,30,0,128639,1,1,3
225,100000226,0,0,27,0,106623,1,1,3
226,100000227,0,0,27,0,236264,1,1,3
227,100000228,0,0,53,1,207783,2,1,3
228,100000229,0,0,22,0,91739,1,1,3
229,100000230,0,0,22,0,107780,1,2,3
230,100000231,0,0,26,0,139157,1,2,3
231,100000232,0,0,51,1,121751,0,0,1
232,100000233,0,0,35,1,121974,1,0,1
233,100000234,0,1,25,1,70320,0,0,2
234,100000235,0,0,42,1,78327,0,0,1
235,100000236,0,0,30,0,131433,2,0,3
236,100000237,0,0,23,0,167076,0,2,3
237,100000238,0,1,61,2,130788,0,0,0
238,100000239,1,1,35,1,107408,1,1,2
239,100000240,0,0,39,1,115323,1,1,3
240,100000241,1,1,29,1,99012,1,0,2
241,100000242,0,0,51,1,115996,1,1,3
242,100000243,0,0,24,0,123353,1,1,3
243,100000244,1,1,27,1,100008,1,0,2
244,100000245,1,1,35,1,125105,0,0,2
245,100000246,0,0,25,0,92020,1,2,3
246,100000247,0,0,52,1,108365,1,2,3
247,100000248,0,0,35,1,112979,1,0,1
248,100000249,0,0,26,0,117221,1,1,3
249,100000250,1,1,22,1,88800,1,2,2
250,100000251,1,1,39,2,115099,0,0,2
251,100000252,1,1,46,2,113399,0,0,2
252,100000253,1,1,24,1,115879,1,1,2
253,100000254,0,0,35,1,141270,1,2,3
254,100000255,0,0,24,0,107633,1,1,3
255,100000256,0,0,27,0,131751,0,0,1
256,100000257,0,0,35,1,83687,0,0,1
257,100000258,0,1,29,1,106828,1,2,3
258,100000259,1,1,23,1,135537,1,1,2
259,100000260,1,1,57,2,107142,0,0,0
260,100000261,0,0,27,0,97446,1,1,3
261,100000262,1,1,55,2,126357,1,2,0
262,100000263,0,0,36,1,169617,2,1,3
263,100000264,1,1,57,2,108945,0,0,0
264,100000265,0,0,32,0,67345,0,0,1
265,100000266,0,0,37,1,106215,1,0,1
266,100000267,0,0,36,1,149237,1,0,1
267,100000268,1,1,38,1,112124,1,0,2
268,100000269,0,1,45,2,215150,2,2,0
269,100000270,0,0,25,0,89534,1,1,3
270,100000271,0,0,32,0,111082,1,2,3
271,100000272,1,1,37,1,137069,1,1,2
272,100000273,0,0,36,1,244541,2,2,3
273,100000274,0,0,28,0,120712,1,1,3
274,100000275,0,1,34,1,175367,0,0,2
275,100000276,0,0,32,0,111418,1,1,3
276,100000277,1,1,26,1,110913,1,0,2
277,100000278,0,1,49,2,84267,0,0,2
278,100000279,1,1,32,1,136886,1,2,2
279,100000280,0,0,29,0,144884,2,2,3
280,100000281,0,0,23,0,151180,1,1,3
281,100000282,0,0,50,1,114997,1,1,3
282,100000283,0,0,49,1,100961,0,0,1
283,100000284,0,0,63,2,124849,1,2,0
284,100000285,0,1,37,1,152308,1,2,3
285,100000286,1,1,35,1,167945,0,1,2
286,100000287,0,0,26,0,126706,1,2,3
287,100000288,0,0,31,0,210017,2,2,3
288,100000289,1,1,49,2,125665,1,1,0
289,100000290,0,1,48,2,111184,1,1,0
290,100000291,0,1,26,1,94134,1,0,2
291,100000292,0,1,28,1,214620,2,1,3
292,100000293,1,1,44,2,193816,2,1,0
293,100000294,0,0,56,1,168714,1,1,3
294,100000295,0,1,46,2,202997,2,1,0
295,100000296,1,1,26,1,192451,1,2,2
296,100000297,1,1,20,1,127928,1,2,2
297,100000298,0,0,45,1,78253,0,0,1
298,100000299,0,0,43,1,118446,1,1,3
299,100000300,0,0,32,0,161379,1,2,3
300,100000301,1,1,54,2,56622,0,0,2
301,100000302,1,1,42,2,146117,1,1,0
302,100000303,0,0,37,1,90418,0,0,1
303,100000304,0,0,49,1,109053,1,0,1
304,100000305,0,0,44,1,219319,1,0,3
305,100000306,0,1,33,1,144701,1,1,3
306,100000307,1,1,24,1,102425,0,0,2
307,100000308,0,1,33,1,79867,0,0,2
308,100000309,1,1,24,1,107114,1,2,2
309,100000310,0,1,22,1,62263,0,0,2
310,100000311,0,0,40,1,92567,0,0,1
311,100000312,0,0,25,0,146349,1,0,1
312,100000313,1,1,26,1,141825,1,1,2
313,100000314,0,1,25,1,68582,0,0,2
314,100000315,0,0,29,0,85476,0,0,1
315,100000316,0,0,31,0,111091,1,2,3
316,100000317,0,0,38,1,67110,0,0,1
317,100000318,1,1,48,2,126154,0,0,2
318,100000319,0,0,32,0,92257,1,2,3
319,100000320,1,1,27,1,93605,0,0,2
320,100000321,0,1,28,1,165190,2,0,3
321,100000322,0,1,32,1,107195,1,0,2
322,100000323,0,0,34,1,145059,2,0,3
323,100000324,0,0,28,0,148363,1,0,1
324,100000325,1,1,36,1,105681,1,2,2
325,100000326,0,0,39,1,93732,0,0,1
326,100000327,0,0,49,1,154778,1,2,3
327,100000328,1,1,34,1,149356,1,2,2
328,100000329,0,0,31,0,145670,1,1,3
329,100000330,0,0,28,0,101589,1,2,3
330,100000331,0,0,75,2,213333,2,1,0
331,100000332,1,1,30,1,122420,1,0,2
332,100000333,1,1,24,1,209856,2,1,3
333,100000334,1,1,24,1,181003,0,0,2
334,100000335,0,0,23,0,117804,1,1,3
335,100000336,0,1,44,2,160650,2,1,0
336,100000337,1,1,23,1,84611,0,0,2
337,100000338,1,1,24,1,98479,1,2,2
338,100000339,0,0,28,0,122359,1,2,3
339,100000340,0,1,31,1,81394,0,0,2
340,100000341,1,1,24,1,150372,1,1,2
341,100000342,1,1,26,1,92385,0,0,2
342,100000343,0,1,25,1,149851,1,2,3
343,100000344,0,0,33,1,167939,2,1,3
344,100000345,0,0,37,1,115426,0,0,1
345,100000346,1,1,43,2,85402,0,0,2
346,100000347,0,0,23,0,95815,1,2,3
347,100000348,1,1,23,1,97518,0,0,2
348,100000349,0,0,34,1,87355,0,0,1
349,100000350,0,0,32,0,145933,1,1,3
350,100000351,1,1,23,1,97307,1,0,2
351,100000352,1,1,29,1,108434,1,2,2
352,100000353,0,0,38,1,151312,2,1,3
353,100000354,0,0,28,0,141847,1,1,3
354,100000355,0,0,46,1,130675,1,2,3
355,100000356,0,0,23,0,69309,0,0,1
356,100000357,0,0,49,1,121466,1,2,3
357,100000358,0,0,26,0,153586,2,2,3
358,100000359,0,1,28,1,92849,1,0,2
359,100000360,1,1,23,1,108539,1,2,2
360,100000361,0,0,61,2,129556,1,2,0
361,100000362,0,0,37,1,170146,2,0,3
362,100000363,1,1,36,1,135383,1,1,2
363,100000364,0,1,21,1,96769,1,2,3
364,100000365,0,0,25,0,43684,0,0,1
365,100000366,0,0,36,1,103521,1,0,1
366,100000367,0,0,27,0,118499,1,1,3
367,100000368,1,1,22,1,119684,1,2,2
368,100000369,0,0,42,1,126586,1,1,3
369,100000370,1,1,40,2,136812,1,2,0
370,100000371,0,0,36,1,118277,1,1,3
371,100000372,0,0,33,1,144597,1,1,3
372,100000373,1,1,23,1,106043,1,0,2
373,100000374,0,0,63,2,272314,2,2,0
374,100000375,1,1,60,2,309364,2,2,0
375,100000376,1,1,37,1,170386,1,1,2
376,100000377,0,1,34,1,112458,1,0,2
377,100000378,0,0,36,1,96840,1,1,3
378,100000379,0,0,57,2,281923,2,1,0
379,100000380,1,1,52,2,95551,0,0,2
380,100000381,0,0,39,1,112347,1,2,3
381,100000382,1,1,38,1,260977,2,2,0
382,100000383,1,1,25,1,99354,1,0,2
383,100000384,0,0,26,0,111509,1,2,3
384,100000385,0,0,26,0,105252,0,0,1
385,100000386,1,1,25,1,108522,1,0,2
386,100000387,1,1,21,1,94655,1,1,2
387,100000388,0,0,40,1,201699,2,1,3
388,100000389,0,0,27,0,139868,1,2,3
389,100000390,1,1,27,1,102543,1,1,2
390,100000391,0,1,30,1,134467,2,2,3
391,100000392,1,1,19,1,111187,0,0,2
392,100000393,0,0,39,1,152302,2,1,3
393,100000394,1,1,31,1,110610,1,2,2
394,100000395,0,0,31,0,137827,2,2,3
395,100000396,0,0,32,0,220923,1,2,3
396,100000397,1,1,55,2,165717,2,2,0
397,100000398,0,1,46,2,122299,1,0,0
398,100000399,0,1,46,2,120499,1,0,0
399,100000400,1,1,43,2,126449,0,0,2
400,100000401,0,1,39,1,108315,1,2,3
401,100000402,0,1,28,1,112515,1,1,2
402,100000403,0,0,27,0,164559,1,1,3
403,100000404,0,0,27,0,59238,0,0,1
404,100000405,0,0,43,1,131133,1,0,1
405,100000406,0,1,22,1,109188,1,0,2
406,100000407,0,0,43,1,115393,1,1,3
407,100000408,0,1,27,1,94711,1,2,3
408,100000409,0,1,26,1,171860,2,0,3
409,100000410,0,1,28,1,139414,1,2,3
410,100000411,1,1,20,1,110931,1,1,2
411,100000412,0,0,35,1,187549,2,2,3
412,100000413,0,0,42,1,145508,2,0,3
413,100000414,0,0,40,1,104240,0,0,1
414,100000415,1,1,35,1,108272,1,1,2
415,100000416,0,0,35,1,144004,1,2,3
416,100000417,0,0,33,1,81083,0,0,1
417,100000418,1,1,23,1,166763,1,1,2
418,100000419,1,1,31,1,175530,2,1,2
419,100000420,1,1,33,1,112422,1,1,2
420,100000421,1,1,20,1,154134,1,2,2
421,100000422,0,0,30,0,112401,1,1,3
422,100000423,0,0,47,1,85690,0,0,1
423,100000424,0,0,34,1,145896,2,2,3
424,100000425,1,1,25,1,122552,1,2,2
425,100000426,0,1,21,1,115494,1,2,3
426,100000427,0,0,29,0,109467,1,0,1
427,100000428,0,0,46,1,148226,1,2,3
428,100000429,0,0,20,0,88559,1,1,3
429,100000430,1,1,55,2,62393,0,0,2
430,100000431,0,0,74,2,122133,0,0,0
431,100000432,0,0,29,0,230883,2,2,3
432,100000433,0,0,36,1,136689,2,2,3
433,100000434,0,1,33,1,109145,1,0,2
434,100000435,0,0,25,0,100449,1,2,3
435,100000436,0,1,25,1,106253,1,0,2
436,100000437,0,1,23,1,84747,0,0,2
437,100000438,1,1,37,1,149465,1,1,2
438,100000439,0,0,65,2,84435,0,0,1
439,100000440,1,1,26,1,51681,0,0,2
440,100000441,0,0,39,1,139198,2,1,3
441,100000442,1,1,30,1,106577,1,1,2
442,100000443,0,0,29,0,117372,1,2,3
443,100000444,0,0,41,1,69609,0,0,1
444,100000445,1,1,30,1,178947,2,2,3
445,100000446,1,1,41,2,81743,0,0,2
446,100000447,1,1,34,1,111900,1,1,2
447,100000448,0,0,35,1,121650,1,0,1
448,100000449,1,1,55,2,172639,2,2,0
449,100000450,0,1,61,2,175740,1,1,0
450,100000451,0,0,30,0,220050,2,2,3
451,100000452,1,1,29,1,95200,1,1,2
452,100000453,0,0,34,1,113609,1,1,3
453,100000454,0,0,35,1,143552,2,2,3
454,100000455,0,0,31,0,130973,1,2,3
455,100000456,1,1,29,1,145946,2,2,3
456,100000457,0,0,36,1,126206,1,1,3
457,100000458,0,0,35,1,120426,1,0,1
458,100000459,1,1,27,1,91925,1,2,2
459,100000460,0,0,32,0,129630,1,2,3
460,100000461,0,0,37,1,124268,1,2,3
461,100000462,0,0,36,1,105240,1,1,3
462,100000463,1,1,34,1,162180,2,0,2
463,100000464,0,0,38,1,106552,1,2,3
464,100000465,0,0,34,1,105843,1,2,3
465,100000466,0,0,63,2,138327,1,1,0
466,100000467,1,1,29,1,76154,0,0,2
467,100000468,0,0,32,0,155012,1,1,3
468,100000469,1,1,26,1,114369,1,1,2
469,100000470,0,0,35,1,102839,0,0,1
470,100000471,0,1,22,1,132796,1,0,2
471,100000472,1,1,23,1,89742,1,2,2
472,100000473,0,0,28,0,58615,0,0,1
473,100000474,0,0,36,1,130603,2,2,3
474,100000475,0,1,33,1,110340,1,0,2
475,100000476,1,1,26,1,117729,1,2,2
476,100000477,0,0,24,0,130808,1,0,1
477,100000478,0,0,25,0,147402,1,2,3
478,100000479,0,0,39,1,93567,0,0,1
479,100000480,0,0,44,1,109289,1,1,3
480,100000481,1,1,23,1,98742,0,0,2
481,100000482,0,0,26,0,101270,1,0,1
482,100000483,1,1,57,2,187835,1,1,0
483,100000484,1,1,30,1,140741,1,0,2
484,100000485,0,0,44,1,133265,1,2,3
485,100000486,0,0,47,1,148100,2,2,3
486,100000487,0,0,52,1,131021,1,2,3
487,100000488,1,1,62,2,152620,1,2,0
488,100000489,0,0,35,1,85033,0,0,1
489,100000490,0,0,26,0,114514,1,1,3
490,100000491,0,0,26,0,99307,1,1,3
491,100000492,1,1,42,2,219451,2,2,0
492,100000493,1,1,27,1,114007,1,0,2
493,100000494,0,0,38,1,102846,1,0,1
494,100000495,0,0,39,1,81483,0,0,1
495,100000496,0,1,20,1,107779,1,2,3
496,100000497,0,0,29,0,222360,2,2,3
497,100000498,0,0,40,1,107125,1,0,1
498,100000499,0,1,32,1,80080,0,0,2
499,100000500,0,1,28,1,129600,1,0,2
500,100000501,1,1,27,1,118613,1,1,2
501,100000502,0,0,42,1,146237,1,1,3
502,100000503,0,1,49,2,144461,1,2,0
503,100000504,0,0,38,1,124487,1,0,1
504,100000505,1,1,24,1,97826,1,0,2
505,100000506,0,0,27,0,64105,0,0,1
506,100000507,0,0,36,1,156374,1,2,3
507,100000508,0,0,34,1,205383,2,2,3
508,100000509,0,1,28,1,98964,1,2,3
509,100000510,0,0,45,1,221842,2,2,3
510,100000511,0,0,26,0,88027,1,2,3
511,100000512,0,0,32,0,160513,2,2,3
512,100000513,0,0,26,0,124536,1,2,3
513,100000514,0,1,20,1,93634,1,0,2
514,100000515,0,0,54,1,124725,1,0,1
515,100000516,1,1,37,1,102456,1,0,2
516,100000517,0,0,40,1,74975,0,0,1
517,100000518,1,1,23,1,153861,1,1,2
518,100000519,0,0,43,1,119351,1,2,3
519,100000520,0,0,36,1,95438,1,2,3
520,100000521,0,0,44,1,147967,1,2,3
521,100000522,1,1,24,1,116863,1,1,2
522,100000523,0,0,53,1,170622,1,1,3
523,100000524,1,1,23,1,132426,1,1,2
524,100000525,1,1,26,1,77519,0,0,2
525,100000526,0,0,30,0,169405,1,2,3
526,100000527,1,1,31,1,120030,1,0,2
527,100000528,0,0,42,1,77933,0,0,1
528,100000529,0,1,31,1,109892,1,1,2
529,100000530,0,0,41,1,69062,0,0,1
530,100000531,0,0,32,0,116348,1,0,1
531,100000532,1,1,28,1,137188,1,1,2
532,100000533,0,1,41,1,110199,1,0,2
533,100000534,0,1,26,1,109890,1,1,2
534,100000535,0,0,25,0,109751,1,2,3
535,100000536,0,1,33,1,129651,1,1,3
536,100000537,1,1,75,3,170113,2,1,0
537,100000538,1,1,37,1,140285,1,1,2
538,100000539,0,0,42,1,198029,2,2,3
539,100000540,1,1,45,2,120262,0,0,2
540,100000541,0,1,23,1,105137,1,1,2
541,100000542,0,0,60,2,127371,1,0,0
542,100000543,0,0,31,0,145689,1,0,1
543,100000544,0,0,34,1,102617,0,1,1
544,100000545,0,0,61,2,90709,0,0,1
545,100000546,0,0,43,1,107099,1,1,3
546,100000547,1,1,37,1,116021,1,2,2
547,100000548,0,0,32,0,100426,1,2,3
548,100000549,1,1,24,1,62249,0,0,2
549,100000550,0,0,35,1,172957,1,1,3
550,100000551,1,1,23,1,95003,1,1,2
551,100000552,0,0,45,1,109698,0,0,1
552,100000553,0,1,34,1,157376,1,0,2
553,100000554,0,0,27,0,123191,1,2,3
554,100000555,1,1,67,3,171052,2,0,0
555,100000556,0,0,22,0,99328,1,0,1
556,100000557,1,1,28,1,133799,1,2,2
557,100000558,1,1,29,1,138256,1,2,2
558,100000559,0,0,27,0,115638,1,0,1
559,100000560,0,0,31,0,82238,0,0,1
560,100000561,0,0,49,1,127543,1,1,3
561,100000562,0,0,24,0,63987,0,0,1
562,100000563,1,1,29,1,114784,1,0,2
563,100000564,0,0,37,1,217450,1,1,3
564,100000565,0,0,37,1,173751,2,2,3
565,100000566,1,1,23,1,122850,1,0,2
566,100000567,0,1,36,1,104953,1,0,2
567,100000568,0,0,34,1,152371,1,1,3
568,100000569,0,0,41,1,139905,1,0,1
569,100000570,1,1,31,1,156700,1,1,2
570,100000571,1,1,23,1,86488,0,0,2
571,100000572,0,0,38,1,147472,1,0,1
572,100000573,1,1,26,1,169991,2,0,2
573,100000574,1,1,22,1,62381,0,0,2
574,100000575,0,0,27,0,70926,0,0,1
575,100000576,1,1,24,1,113004,1,1,2
576,100000577,1,1,27,1,125760,1,0,2
577,100000578,1,1,33,1,111918,1,2,2
578,100000579,0,1,27,1,120674,1,1,2
579,100000580,0,1,27,1,63597,0,0,2
580,100000581,0,0,30,0,103069,1,1,3
581,100000582,0,0,49,1,108079,0,0,1
582,100000583,1,1,26,1,101159,1,1,2
583,100000584,0,0,33,1,88211,0,0,1
584,100000585,1,1,52,2,159052,2,1,0
585,100000586,1,1,20,1,102623,1,2,2
586,100000587,0,0,36,1,115589,1,0,1
587,100000588,0,0,21,0,59127,0,0,1
588,100000589,0,1,47,2,82240,0,0,2
589,100000590,0,0,60,2,129425,1,1,0
590,100000591,1,1,58,2,87058,0,0,0
591,100000592,1,1,42,2,128462,1,2,0
592,100000593,1,1,36,1,121403,0,0,2
593,100000594,1,1,20,1,88141,0,0,2
594,100000595,0,0,40,1,134946,2,2,3
595,100000596,1,1,32,1,94058,0,0,2
596,100000597,1,1,23,1,99285,1,1,2
597,100000598,0,0,36,1,108432,0,0,1
598,100000599,0,0,31,0,111369,1,0,1
599,100000600,0,0,32,0,122612,1,2,3
600,100000601,1,1,45,2,134350,1,0,0
601,100000602,1,1,30,1,108838,1,2,2
602,100000603,1,1,34,1,90852,0,0,2
603,100000604,1,1,28,1,151580,2,2,3
604,100000605,1,1,23,1,115681,1,1,2
605,100000606,0,0,22,0,131699,1,1,3
606,100000607,0,0,74,2,192481,2,1,0
607,100000608,1,1,50,2,155122,1,2,0
608,100000609,0,0,33,1,106015,1,2,3
609,100000610,0,0,45,1,108378,1,0,1
610,100000611,1,1,22,1,105257,1,1,2
611,100000612,1,1,48,2,118788,0,0,2
612,100000613,1,1,29,1,162955,1,2,2
613,100000614,1,1,22,1,119511,1,2,2
614,100000615,1,1,22,1,102000,1,0,2
615,100000616,0,0,48,1,254449,2,1,3
616,100000617,0,0,27,0,208446,2,2,3
617,100000618,0,0,37,1,124805,1,0,1
618,100000619,1,1,21,1,139379,1,0,2
619,100000620,0,1,49,2,78296,0,0,2
620,100000621,0,0,27,0,125598,1,1,3
621,100000622,0,0,32,0,100215,1,2,3
622,100000623,0,1,38,1,130951,1,2,3
623,100000624,1,1,22,1,102480,1,2,2
624,100000625,0,0,65,2,136812,1,1,0
625,100000626,0,0,35,1,106919,1,1,3
626,100000627,0,0,41,1,131020,1,2,3
627,100000628,0,0,29,0,119429,1,1,3
628,100000629,0,0,36,1,154521,1,1,3
629,100000630,0,0,64,2,117842,0,0,0
630,100000631,1,1,28,1,124566,1,2,2
631,100000632,0,0,44,1,110009,1,2,3
632,100000633,0,0,23,0,101210,1,1,3
633,100000634,1,1,19,1,101258,1,0,2
634,100000635,1,1,25,1,79045,0,0,2
635,100000636,0,0,47,1,110866,1,0,1
636,100000637,1,1,28,1,129640,1,2,2
637,100000638,0,0,21,0,227021,1,1,3
638,100000639,1,1,34,1,108549,1,1,2
639,100000640,0,0,26,0,122693,1,0,1
640,100000641,1,1,27,1,35832,0,0,2
641,100000642,0,0,38,1,81870,0,0,1
642,100000643,0,0,40,1,179790,2,2,3
643,100000644,0,1,33,1,107158,1,1,2
644,100000645,0,1,32,1,136638,2,1,3
645,100000646,0,0,27,0,158147,1,2,3
646,100000647,0,1,32,1,132587,1,2,3
647,100000648,1,1,26,1,128140,1,2,2
648,100000649,0,0,38,1,117405,1,1,3
649,100000650,0,0,40,1,68475,0,0,1
650,100000651,0,0,50,1,201656,2,2,3
651,100000652,0,0,37,1,86967,0,0,1
652,100000653,0,0,45,1,118006,1,1,3
653,100000654,0,0,42,1,223630,2,2,3
654,100000655,0,0,35,1,110442,1,0,1
655,100000656,0,0,22,0,115691,1,2,3
656,100000657,0,0,41,1,80232,0,0,1
657,100000658,0,0,37,1,187647,1,1,3
658,100000659,1,1,28,1,138952,1,1,2
659,100000660,0,0,41,1,162772,1,2,3
660,100000661,0,1,23,1,111862,1,1,2
661,100000662,0,1,23,1,90051,1,1,2
662,100000663,0,0,50,1,121400,1,1,3
663,100000664,0,0,35,1,137000,2,2,3
664,100000665,1,1,50,2,105031,0,0,2
665,100000666,0,0,27,0,172153,2,2,3
666,100000667,0,0,34,1,170184,1,1,3
667,100000668,1,1,27,1,123279,1,1,2
668,100000669,0,0,43,1,140795,1,0,1
669,100000670,0,0,47,1,144456,1,0,1
670,100000671,0,0,27,0,104773,0,0,1
671,100000672,0,0,31,0,153353,1,1,3
672,100000673,0,0,42,1,223018,2,1,3
673,100000674,0,1,24,1,129177,1,2,3
674,100000675,0,0,41,1,114475,0,1,1
675,100000676,1,1,26,1,161323,2,1,2
676,100000677,0,0,33,1,135765,1,2,3
677,100000678,0,1,24,1,158421,1,0,2
678,100000679,0,0,64,2,103941,0,0,0
679,100000680,1,1,26,1,101783,1,2,2
680,100000681,1,1,56,2,126531,1,1,0
681,100000682,0,0,37,1,111394,1,1,3
682,100000683,0,1,33,1,103577,1,2,3
683,100000684,0,1,47,2,149545,1,1,0
684,100000685,0,0,31,0,171857,0,0,1
685,100000686,0,0,34,1,149782,1,1,3
686,100000687,0,0,27,0,112470,1,1,3
687,100000688,0,0,30,0,133907,1,2,3
688,100000689,0,0,35,1,127849,1,1,3
689,100000690,0,0,31,0,160279,1,2,3
690,100000691,0,1,25,1,92366,1,2,3
691,100000692,1,1,25,1,104794,0,0,2
692,100000693,0,0,29,0,133436,1,1,3
693,100000694,0,0,44,1,110374,0,0,1
694,100000695,0,0,28,0,104263,1,1,3
695,100000696,0,0,50,1,138752,1,0,1
696,100000697,0,0,29,0,102723,1,0,1
697,100000698,1,1,38,1,46297,0,0,2
698,100000699,0,0,24,0,96425,1,1,3
699,100000700,0,0,40,1,158197,2,1,3
700,100000701,1,1,29,1,98008,0,0,2
701,100000702,0,0,46,1,157473,1,0,3
702,100000703,1,1,47,2,149306,1,0,0
703,100000704,0,0,41,1,139236,1,1,3
704,100000705,1,1,32,1,125890,1,2,2
705,100000706,1,1,35,1,173124,1,1,2
706,100000707,0,0,24,0,164621,1,1,3
707,100000708,1,1,25,1,124539,1,1,2
708,100000709,1,1,25,1,107614,1,1,2
709,100000710,0,0,37,1,88849,0,0,1
710,100000711,0,0,32,0,148566,2,2,3
711,100000712,1,1,35,1,106515,1,2,2
712,100000713,0,0,46,1,150465,2,1,3
713,100000714,0,0,25,0,60868,0,0,1
714,100000715,0,0,27,0,255198,2,2,3
715,100000716,0,0,63,2,183178,1,1,0
716,100000717,0,0,40,1,121448,1,2,3
717,100000718,0,0,32,0,129975,2,2,3
718,100000719,0,0,31,0,132950,1,2,3
719,100000720,0,1,31,1,169314,1,1,3
720,100000721,0,0,34,1,147958,2,1,3
721,100000722,1,1,24,1,139896,1,2,2
722,100000723,1,1,24,1,68028,0,0,2
723,100000724,1,1,66,3,133328,0,0,0
724,100000725,1,1,21,1,108518,1,2,2
725,100000726,1,1,41,2,112700,0,0,2
726,100000727,0,1,47,2,110190,0,0,0
727,100000728,1,1,25,1,105104,1,1,2
728,100000729,1,1,59,2,184753,1,1,0
729,100000730,0,1,36,1,162521,1,2,3
730,100000731,0,0,33,1,156794,1,1,3
731,100000732,0,0,21,0,65827,0,0,1
732,100000733,1,1,44,2,88490,0,0,2
733,100000734,1,1,28,1,154919,1,2,2
734,100000735,1,1,37,1,129058,1,0,2
735,100000736,1,1,29,1,77532,0,0,2
736,100000737,1,1,23,1,235417,2,2,3
737,100000738,0,0,35,1,113468,0,0,1
738,100000739,0,0,45,1,190803,2,2,3
739,100000740,1,1,26,1,121423,0,0,2
740,100000741,0,0,32,0,121347,1,1,3
741,100000742,0,0,23,0,67408,0,0,1
742,100000743,0,0,41,1,123043,1,1,3
743,100000744,0,0,22,0,128387,1,2,3
744,100000745,0,0,30,0,250050,2,1,3
745,100000746,0,0,28,0,69588,0,0,1
746,100000747,1,1,23,1,109547,1,1,2
747,100000748,1,1,37,1,78840,0,0,2
748,100000749,0,0,26,0,131122,1,0,1
749,100000750,0,0,33,1,115403,1,1,3
750,100000751,1,1,49,2,110291,1,2,0
751,100000752,1,1,23,1,64811,0,0,2
752,100000753,1,1,23,1,86015,0,0,2
753,100000754,1,1,25,1,142438,1,2,2
754,100000755,0,0,55,1,159303,1,1,3
755,100000756,1,1,32,1,104957,1,1,2
756,100000757,0,0,74,2,89502,0,0,0
757,100000758,0,0,39,1,121313,1,1,3
758,100000759,0,0,31,0,98102,1,0,1
759,100000760,0,0,35,1,94554,1,1,3
760,100000761,1,1,59,2,162591,1,1,0
761,100000762,1,1,24,1,106629,1,2,2
762,100000763,0,0,24,0,70400,0,0,1
763,100000764,0,0,30,0,235660,2,2,3
764,100000765,0,1,27,1,121747,1,2,3
765,100000766,0,1,40,1,85060,0,0,1
766,100000767,0,1,31,1,87630,0,0,2
767,100000768,1,1,31,1,119673,1,0,2
768,100000769,0,0,28,0,126060,1,2,3
769,100000770,0,0,63,2,96145,0,0,1
770,100000771,1,1,26,1,114830,1,0,2
771,100000772,1,1,25,1,194461,2,2,3
772,100000773,0,0,36,1,150158,2,2,3
773,100000774,0,0,52,1,136323,1,2,3
774,100000775,0,0,66,2,111858,0,0,0
775,100000776,1,1,25,1,100198,1,0,2
776,100000777,0,0,37,1,123452,1,2,3
777,100000778,1,1,25,1,120723,1,1,2
778,100000779,0,0,38,1,215639,2,1,3
779,100000780,1,1,67,3,166712,1,1,0
780,100000781,0,0,25,0,136300,1,1,3
781,100000782,0,0,60,2,166988,1,2,0
782,100000783,0,0,31,0,77265,0,0,1
783,100000784,1,1,23,1,85967,0,0,2
784,100000785,0,1,60,2,212020,2,0,0
785,100000786,0,0,35,1,126054,0,0,1
786,100000787,0,0,40,1,144589,1,0,1
787,100000788,0,0,38,1,116723,1,1,3
788,100000789,0,0,50,1,168637,1,1,3
789,100000790,0,0,27,0,139119,1,1,3
790,100000791,1,1,39,2,118610,1,2,0
791,100000792,0,0,41,1,183312,2,2,3
792,100000793,0,1,27,1,96323,1,0,2
793,100000794,0,1,51,2,149510,1,2,0
794,100000795,0,0,32,0,141922,1,2,3
795,100000796,1,1,22,1,120233,1,0,2
796,100000797,0,0,51,1,172790,1,1,3
797,100000798,1,1,22,1,66720,0,0,2
798,100000799,0,1,54,2,113024,1,1,0
799,100000800,0,0,35,1,51791,0,0,1
800,100000801,0,0,54,1,118408,1,2,3
801,100000802,1,1,48,2,101616,0,0,2
802,100000803,1,1,24,1,127250,1,0,2
803,100000804,0,0,35,1,97290,1,0,1
804,100000805,1,1,24,1,106970,0,0,2
805,100000806,0,0,24,0,168147,1,2,3
806,100000807,0,1,26,1,68468,0,0,2
807,100000808,0,0,65,2,120780,1,2,0
808,100000809,0,0,55,1,231992,2,2,3
809,100000810,1,1,26,1,53903,0,0,2
810,100000811,0,1,26,1,101511,1,2,3
811,100000812,0,1,28,1,69046,0,0,2
812,100000813,0,0,24,0,171584,1,1,3
813,100000814,0,0,54,1,132367,1,2,3
814,100000815,0,0,46,1,134433,1,2,3
815,100000816,1,1,54,2,190518,1,0,0
816,100000817,0,1,62,2,152367,1,1,0
817,100000818,1,1,24,1,101157,1,1,2
818,100000819,0,1,43,2,279593,2,2,0
819,100000820,0,1,26,1,96716,1,2,3
820,100000821,0,1,27,1,95171,1,0,2
821,100000822,0,1,24,1,129162,1,2,3
822,100000823,0,0,41,1,118742,1,0,1
823,100000824,0,0,47,1,74511,0,0,1
824,100000825,0,1,35,1,157272,2,1,3
825,100000826,0,1,30,1,102374,1,0,2
826,100000827,1,1,33,1,131492,1,0,2
827,100000828,0,0,36,1,128702,1,2,3
828,100000829,0,0,47,1,177509,1,2,3
829,100000830,0,0,38,1,163451,1,1,3
830,100000831,0,0,44,1,144900,1,1,3
831,100000832,1,1,23,1,97115,1,2,2
832,100000833,0,0,29,0,196568,1,2,3
833,100000834,1,1,42,2,158405,1,0,0
834,100000835,1,1,25,1,97376,0,0,2
835,100000836,0,0,48,1,108678,1,1,3
836,100000837,1,1,21,1,92351,1,0,2
837,100000838,1,1,23,1,61211,0,0,2
838,100000839,0,0,63,2,138644,1,0,0
839,100000840,0,1,46,2,124824,1,2,0
840,100000841,0,0,29,0,132852,1,0,1
841,100000842,0,0,28,0,81069,0,0,1
842,100000843,1,1,23,1,104094,1,2,2
843,100000844,0,0,50,1,114853,1,0,1
844,100000845,0,0,47,1,130344,1,2,3
845,100000846,0,0,35,1,135090,1,0,1
846,100000847,0,0,68,2,179151,1,2,0
847,100000848,0,1,28,1,97390,1,1,2
848,100000849,0,0,59,2,120160,1,0,0
849,100000850,0,0,57,2,82277,0,0,1
850,100000851,0,1,33,1,110844,1,2,3
851,100000852,0,0,43,1,133105,1,0,1
852,100000853,0,0,35,1,102042,1,0,1
853,100000854,0,0,32,0,69370,0,0,1
854,100000855,0,0,45,1,200298,1,1,3
855,100000856,0,1,33,1,117039,1,2,3
856,100000857,1,1,40,2,107585,1,2,0
857,100000858,0,0,28,0,114429,1,0,1
858,100000859,1,1,29,1,128234,1,2,2
859,100000860,0,0,26,0,128580,1,2,3
860,100000861,0,0,27,0,177757,1,1,3
861,100000862,0,1,28,1,106222,1,0,2
862,100000863,1,1,35,1,118428,1,2,2
863,100000864,0,0,32,0,139477,0,0,1
864,100000865,0,0,25,0,71159,0,0,1
865,100000866,1,1,20,1,131370,1,2,2
866,100000867,1,1,27,1,111567,1,2,2
867,100000868,0,0,42,1,125482,1,2,3
868,100000869,0,0,37,1,160642,1,2,3
869,100000870,1,1,24,1,92498,1,0,2
870,100000871,1,1,40,2,199711,1,2,0
871,100000872,0,0,46,1,127588,1,2,3
872,100000873,0,0,26,0,107508,1,2,3
873,100000874,1,1,24,1,94629,1,2,2
874,100000875,0,0,29,0,87598,0,2,3
875,100000876,1,1,40,2,161194,1,1,0
876,100000877,0,0,36,1,137342,2,2,3
877,100000878,0,0,28,0,116848,1,1,3
878,100000879,0,0,27,0,125190,2,1,3
879,100000880,0,0,36,1,153441,1,0,1
880,100000881,0,0,38,1,195328,2,2,3
881,100000882,0,1,48,2,190413,1,0,0
882,100000883,0,0,36,1,118656,1,1,3
883,100000884,1,1,65,3,69487,0,0,0
884,100000885,0,1,43,2,145313,1,1,0
885,100000886,1,1,53,2,117005,1,1,0
886,100000887,0,0,34,1,123243,1,1,3
887,100000888,0,0,23,0,237799,1,1,3
888,100000889,0,0,34,1,180617,2,2,3
889,100000890,0,0,40,1,167019,1,0,3
890,100000891,0,0,43,1,147745,2,2,3
891,100000892,0,0,46,1,114254,1,1,3
892,100000893,0,0,38,1,81155,0,0,1
893,100000894,0,0,34,1,151803,1,2,3
894,100000895,0,0,29,0,94356,1,2,3
895,100000896,0,0,31,0,200621,2,2,3
896,100000897,1,1,28,1,144448,2,1,2
897,100000898,1,1,35,1,150797,1,0,2
898,100000899,1,1,33,1,84404,0,0,2
899,100000900,0,0,42,1,133373,1,2,3
900,100000901,0,0,43,1,119502,1,2,3
901,100000902,0,1,44,2,131619,1,0,0
902,100000903,0,0,42,1,194084,1,2,3
903,100000904,0,1,40,1,108278,1,1,3
904,100000905,0,0,36,1,130987,2,1,3
905,100000906,0,0,20,0,116582,2,2,3
906,100000907,0,0,24,0,85270,0,0,1
907,100000908,0,1,27,1,129227,1,0,2
908,100000909,1,1,46,2,108291,0,0,2
909,100000910,1,1,33,1,103091,0,0,2
910,100000911,1,1,34,1,136975,1,1,2
911,100000912,1,1,25,1,111502,0,0,2
912,100000913,1,1,25,1,124750,1,1,2
913,100000914,0,1,28,1,146463,1,2,3
914,100000915,0,0,31,0,115075,1,0,1
915,100000916,1,1,32,1,308491,2,1,0
916,100000917,0,0,32,0,126368,1,0,1
917,100000918,0,0,68,2,287247,2,2,0
918,100000919,0,1,33,1,125535,1,2,3
919,100000920,0,0,39,1,153223,2,2,3
920,100000921,1,1,28,1,106873,1,1,2
921,100000922,0,0,37,1,268906,2,1,3
922,100000923,1,1,22,1,97757,1,2,2
923,100000924,0,0,30,0,112151,1,1,3
924,100000925,0,1,55,2,172909,1,0,0
925,100000926,0,0,46,1,103387,1,1,3
926,100000927,1,1,21,1,93916,1,2,2
927,100000928,0,0,39,1,189963,1,2,3
928,100000929,0,0,58,2,124191,1,0,0
929,100000930,0,0,43,1,77205,0,0,1
930,100000931,0,0,24,0,65917,0,0,1
931,100000932,1,1,22,1,109676,1,0,2
932,100000933,0,0,30,0,95682,1,2,3
933,100000934,0,0,42,1,125516,1,2,3
934,100000935,1,1,23,1,99822,1,0,2
935,100000936,0,0,30,0,154854,2,1,3
936,100000937,1,1,28,1,84582,0,0,2
937,100000938,0,1,30,1,145800,2,0,3
938,100000939,0,0,42,1,162869,1,1,3
939,100000940,0,0,46,1,192379,2,2,3
940,100000941,0,0,45,1,159757,2,2,3
941,100000942,0,0,31,0,69571,0,0,1
942,100000943,0,0,31,0,93648,1,2,3
943,100000944,0,0,42,1,77472,0,0,1
944,100000945,1,1,46,2,121501,1,0,0
945,100000946,1,1,30,1,207262,1,0,2
946,100000947,0,0,30,0,143082,1,2,3
947,100000948,0,0,38,1,147760,2,1,3
948,100000949,0,1,43,2,82082,0,0,2
949,100000950,0,0,31,0,132991,1,1,3
950,100000951,0,1,40,1,78436,0,0,1
951,100000952,0,0,24,0,99737,1,2,3
952,100000953,1,1,28,1,164915,1,0,2
953,100000954,1,1,26,1,223185,2,1,3
954,100000955,1,1,29,1,108400,1,2,2
955,100000956,1,1,57,2,194882,2,1,0
956,100000957,0,0,49,1,122186,0,0,1
957,100000958,0,0,37,1,79594,0,0,1
958,100000959,0,0,45,1,104355,0,0,1
959,100000960,0,0,30,0,135894,1,2,3
960,100000961,0,1,30,1,103699,1,1,2
961,100000962,0,1,47,2,132145,1,1,0
962,100000963,0,0,29,0,117272,1,2,3
963,100000964,0,0,35,1,137932,1,0,1
964,100000965,0,1,22,1,63972,0,0,2
965,100000966,1,1,26,1,113299,1,2,2
966,100000967,0,0,23,0,108540,0,0,1
967,100000968,1,1,54,2,174424,2,2,0
968,100000969,0,1,29,1,154991,1,2,3
969,100000970,0,0,40,1,99723,0,0,1
970,100000971,0,0,22,0,114584,1,2,3
971,100000972,0,0,43,1,135275,0,0,1
972,100000973,1,1,29,1,41680,0,0,2
973,100000974,0,0,36,1,158769,1,1,3
974,100000975,1,1,33,1,120596,1,0,2
975,100000976,1,1,57,2,139641,0,0,0
976,100000977,1,1,64,3,134377,1,0,0
977,100000978,0,0,42,1,125804,1,2,3
978,100000979,0,0,47,1,91858,0,0,1
979,100000980,0,1,25,1,117641,1,2,3
980,100000981,0,0,49,1,188594,1,1,3
981,100000982,0,0,33,1,162827,2,2,3
982,100000983,1,1,28,1,178991,2,2,3
983,100000984,0,0,26,0,159739,1,1,3
984,100000985,0,0,30,0,73401,0,0,1
985,100000986,1,1,25,1,100794,1,2,2
986,100000987,0,1,33,1,167763,1,1,3
987,100000988,1,1,64,3,145174,1,0,0
988,100000989,0,0,29,0,176292,2,1,3
989,100000990,0,0,48,1,94024,0,0,1
990,100000991,0,0,37,1,93740,0,0,1
991,100000992,0,0,34,1,85685,0,0,1
992,100000993,0,1,23,1,69997,0,0,2
993,100000994,0,0,30,0,151938,2,2,3
994,100000995,0,0,50,1,122830,1,1,3
995,100000996,1,1,31,1,78489,0,0,2
996,100000997,0,1,40,1,161999,2,1,3
997,100000998,0,0,38,1,98032,1,2,3
998,100000999,0,0,23,0,96060,1,0,1
999,100001000,0,0,27,0,147968,1,1,3
1000,100001001,1,1,63,2,134853,1,1,0
1001,100001002,0,0,66,2,157576,2,2,0
1002,100001003,0,1,43,2,203738,2,1,0
1003,100001004,0,1,44,2,280570,2,2,0
1004,100001005,0,1,65,3,69487,0,2,0
1005,100001006,1,1,73,3,214126,2,1,0
1006,100001007,0,0,60,2,136671,1,1,0
1007,100001008,0,1,62,2,174337,1,1,0
1008,100001009,1,1,58,2,126710,1,1,0
1009,100001010,1,1,43,2,167139,2,2,0
1010,100001011,0,0,64,2,122094,1,2,0
1011,100001012,0,1,37,3,170113,2,2,0
1012,100001013,1,1,46,2,192698,2,1,0
1013,100001014,0,1,57,2,144197,1,2,0
1014,100001015,0,1,51,2,133623,1,1,0
1015,100001016,1,1,32,3,171052,2,2,0
1016,100001017,0,0,64,2,130492,1,2,0
1017,100001018,0,0,68,2,135705,1,1,0
1018,100001019,1,1,55,2,171804,2,2,0
1019,100001020,0,0,73,2,192167,2,1,0
1020,100001021,1,1,34,3,134377,1,2,0
1021,100001022,0,1,44,2,146716,1,1,0
1022,100001023,0,0,58,2,267872,1,1,0
1023,100001024,1,1,65,2,142193,0,1,0
1024,100001025,1,1,56,2,183765,1,1,0
1025,100001026,1,1,42,2,218664,2,2,0
1026,100001027,1,1,65,3,145174,1,2,0
1027,100001028,0,0,72,2,224961,2,2,0
1028,100001029,1,1,45,2,262634,2,2,0
1029,100001030,0,0,68,2,287106,2,2,0
1030,100001031,0,0,60,2,166298,2,1,0
1031,100001032,1,1,30,3,133328,0,2,0
1032,100001033,0,0,63,2,129798,1,1,0
1033,100001034,0,0,57,2,281084,2,1,0
1034,100001035,1,1,46,2,160678,1,2,0
1035,100001036,1,1,70,3,167532,1,1,0
1036,100001037,0,0,65,2,178591,1,2,0
1037,100001038,0,0,63,2,273063,2,2,0
1038,100001039,0,1,54,2,149410,1,2,0
1039,100001040,0,1,49,2,124658,1,2,0
1040,100001041,1,1,64,2,153645,1,2,0
1041,100001042,1,1,61,2,308529,2,2,0
1042,100001043,1,1,57,2,155062,1,2,0
1043,100001044,1,1,42,2,199654,1,2,0
1044,100001045,0,0,62,2,124723,1,2,0
1045,100001046,1,1,41,2,127752,1,2,0
1046,100001047,1,1,51,2,157595,2,1,0
1047,100001048,1,1,38,2,135534,1,2,0
1048,100001049,1,1,56,2,166264,2,2,0
1049,100001050,1,1,43,2,147259,1,1,0
1050,100001051,1,1,48,2,161116,1,1,0
1051,100001052,0,0,61,2,139380,1,1,0
1052,100001053,0,1,48,2,213768,2,2,0
1053,100001054,0,0,68,2,125903,1,2,0
1054,100001055,1,1,62,2,163940,1,1,0
1055,100001056,1,1,56,2,173378,2,2,0
1056,100001057,1,1,53,2,126847,1,1,0
1057,100001058,0,1,33,3,166712,1,2,0
1058,100001059,1,1,60,2,189166,1,1,0
1059,100001060,1,1,47,2,161714,1,1,0
1060,100001061,0,1,25,3,214364,2,2,0
1061,100001062,0,0,64,2,184680,1,1,0
1062,100001063,0,0,73,2,214732,2,1,0
1063,100001064,0,1,66,2,152527,1,1,0
1064,100001065,1,1,76,3,170366,2,1,0
1065,100001066,1,1,60,2,194532,2,1,0
1066,100001067,1,1,57,2,125883,1,2,0
1067,100001068,0,1,30,3,131242,1,2,0
1068,100001069,0,1,43,2,159880,2,1,0
1069,100001070,0,0,57,2,165519,1,2,0
1070,100001071,0,1,51,2,149653,1,1,0
1071,100001072,1,1,61,2,134102,1,1,0
1072,100001073,0,0,64,2,159378,2,2,0
1073,100001074,0,1,41,2,205476,2,1,0
1074,100001075,0,1,43,2,280566,2,2,0
1075,100001076,0,1,67,3,71823,0,2,0
1076,100001077,1,1,71,3,211572,2,1,0
1077,100001078,0,0,59,2,136123,1,1,0
1078,100001079,0,1,60,2,176372,1,1,0
1079,100001080,1,1,60,2,128271,1,1,0
1080,100001081,1,1,45,2,169020,2,2,0
1081,100001082,0,0,63,2,122267,1,2,0
1082,100001083,0,1,38,3,169324,2,2,0
1083,100001084,1,1,46,2,192561,2,1,0
1084,100001085,0,1,55,2,145781,1,2,0
1085,100001086,0,1,50,2,135376,1,1,0
1086,100001087,1,1,30,3,169002,2,2,0
1087,100001088,0,0,63,2,128469,1,2,0
1088,100001089,0,0,67,2,135567,1,1,0
1089,100001090,1,1,54,2,170644,2,2,0
1090,100001091,0,0,71,2,192360,2,1,0
1091,100001092,1,1,32,3,133235,1,2,0
1092,100001093,1,1,45,2,260847,2,2,0
1093,100001094,0,0,65,2,285647,2,2,0
1094,100001095,0,0,62,2,164816,2,1,0
1095,100001096,1,1,28,3,130148,0,2,0
1096,100001097,0,0,65,2,129838,1,1,0
1097,100001098,0,0,57,2,281647,2,1,0
1098,100001099,1,1,48,2,157305,1,2,0
1099,100001100,1,1,71,3,163654,1,1,0
1100,100001101,0,0,38,1,82398,1,1,3
1101,100001102,0,1,40,1,107710,1,1,3
1102,100001103,0,0,49,1,122346,1,1,3
1103,100001104,0,1,32,1,155540,2,1,3
1104,100001105,0,0,45,1,127572,1,1,3
1105,100001106,0,0,40,1,154031,2,1,3
1106,100001107,0,0,66,2,164931,2,2,0
1107,100001108,0,0,38,1,123003,1,2,3
1108,100001109,0,1,20,1,89605,1,1,2
1109,100001110,0,0,48,1,117721,1,1,3
1110,100001111,0,1,46,2,168904,2,1,0
1111,100001112,0,0,32,1,137576,2,2,3
1112,100001113,0,0,54,1,111274,1,1,3
1113,100001114,0,1,24,1,94249,2,2,3
1114,100001115,0,1,27,1,180940,2,1,3
1115,100001116,0,0,57,1,125032,1,2,3
1116,100001117,0,0,38,1,138011,2,1,3
1117,100001118,0,0,40,1,144850,1,1,3
1118,100001119,0,1,20,1,107270,1,2,3
1119,100001120,0,0,36,1,113405,2,2,3
1120,100001121,0,0,47,1,137338,1,2,3
1121,100001122,0,0,64,2,125119,0,2,0
1122,100001123,0,0,42,1,159745,2,2,3
1123,100001124,0,0,44,1,181262,2,2,3
1124,100001125,0,1,30,1,90500,2,2,3
1125,100001126,0,0,37,1,102733,1,1,3
1126,100001127,0,0,42,1,135493,1,2,3
1127,100001128,0,1,62,2,169044,1,1,0
1128,100001129,0,0,49,1,178549,1,2,3
1129,100001130,0,0,52,1,159716,1,2,3
1130,100001131,0,1,36,1,170118,2,1,3
1131,100001132,0,0,49,1,143886,0,1,1
1132,100001133,0,0,42,1,130164,2,2,3
1133,100001134,0,0,38,1,114476,1,1,3
1134,100001135,0,0,50,1,126143,1,1,3
1135,100001136,0,1,34,1,129654,2,2,3
1136,100001137,0,0,43,1,123202,1,2,3
1137,100001138,0,0,40,1,160524,1,1,3
1138,100001139,0,0,56,2,126906,1,1,0
1139,100001140,0,0,41,1,143994,2,2,3
1140,100001141,0,1,30,1,123517,2,2,3
1141,100001142,0,1,28,1,129055,1,2,3
1142,100001143,0,0,64,2,136312,0,2,0
1143,100001144,0,0,67,2,112486,1,2,0
1144,100001145,0,0,37,1,152401,2,1,3
1145,100001146,0,0,31,1,157453,2,1,3
1146,100001147,0,0,32,1,142870,2,2,3
1147,100001148,0,1,52,2,137231,1,2,0
1148,100001149,0,1,31,1,104406,1,1,2
1149,100001150,0,0,36,1,145385,2,1,3
1150,100001151,0,1,32,1,146519,2,1,3
1151,100001152,0,0,51,1,126227,1,2,3
1152,100001153,0,0,47,1,112227,2,1,3
1153,100001154,0,1,34,1,110145,1,2,3
1154,100001155,0,1,46,2,149419,1,1,0
1155,100001156,0,1,42,1,176646,1,1,3
1156,100001157,0,0,39,1,91019,2,1,3
1157,100001158,0,0,50,1,169579,1,2,3
1158,100001159,0,0,42,1,142305,1,2,3
1159,100001160,0,1,36,1,130602,1,1,3
1160,100001161,0,1,18,1,98992,1,1,2
1161,100001162,0,0,35,1,181926,2,2,3
1162,100001163,0,0,38,1,152864,1,2,3
1163,100001164,0,0,39,1,135837,2,2,3
1164,100001165,0,1,24,1,121757,0,2,2
1165,100001166,0,0,41,1,182274,1,1,3
1166,100001167,0,0,36,1,149040,2,2,3
1167,100001168,0,0,37,1,154196,2,2,3
1168,100001169,0,1,45,2,135332,1,1,0
1169,100001170,0,0,41,1,134200,2,2,3
1170,100001171,0,0,36,1,177171,2,2,3
1171,100001172,0,0,38,1,115964,0,2,3
1172,100001173,0,0,38,1,136871,0,1,1
1173,100001174,0,1,53,2,159559,2,2,0
1174,100001175,0,0,35,1,113878,1,2,3
1175,100001176,0,0,48,1,171203,2,2,3
1176,100001177,0,0,36,1,102180,1,2,3
1177,100001178,0,1,22,1,116844,2,1,3
1178,100001179,0,0,35,1,139844,2,2,3
1179,100001180,0,0,42,1,156431,0,1,1
1180,100001181,0,0,39,1,116137,0,1,1
1181,100001182,0,0,31,1,143081,1,1,3
1182,100001183,0,0,33,1,155870,2,2,3
1183,100001184,0,1,31,1,106924,0,1,2
1184,100001185,0,0,42,1,102133,1,1,3
1185,100001186,0,0,61,2,145227,0,1,0
1186,100001187,0,0,38,1,159500,2,2,3
1187,100001188,0,0,33,1,98498,0,1,1
1188,100001189,0,0,48,1,159714,1,2,3
1189,100001190,0,0,31,1,121852,0,1,1
1190,100001191,0,0,52,1,141271,2,2,3
1191,100001192,0,1,27,1,123213,1,2,3
1192,100001193,0,0,40,1,143723,2,1,3
1193,100001194,0,0,34,1,112538,0,1,1
1194,100001195,0,1,26,1,97932,2,2,3
1195,100001196,0,0,30,1,154003,0,1,1
1196,100001197,0,0,53,1,177179,1,1,3
1197,100001198,0,0,45,1,128052,1,2,3
1198,100001199,0,0,32,1,114617,2,1,3
1199,100001200,0,0,35,1,182822,2,2,3
1200,100001201,0,1,26,1,177215,1,2,3
1201,100001202,0,0,30,1,110929,1,1,3
1202,100001203,0,0,37,1,111821,1,1,3
1203,100001204,0,0,32,1,97306,2,1,3
1204,100001205,0,1,40,1,157231,1,1,3
1205,100001206,0,0,44,1,126906,0,2,3
1206,100001207,0,0,43,1,133243,1,2,3
1207,100001208,0,0,51,1,112250,1,1,3
1208,100001209,0,0,37,1,104349,0,1,1
1209,100001210,0,0,33,1,151421,1,2,3
1210,100001211,0,1,32,1,178081,2,1,3
1211,100001212,0,0,35,1,110181,0,2,3
1212,100001213,0,1,30,1,113012,1,1,2
1213,100001214,0,1,35,1,154585,2,2,3
1214,100001215,0,0,40,1,144704,2,1,3
1215,100001216,0,0,37,1,141632,2,2,3
1216,100001217,0,0,37,1,105055,1,2,3
1217,100001218,0,0,37,1,124597,1,2,3
1218,100001219,0,0,53,1,160164,2,1,3
1219,100001220,0,0,34,1,151754,2,1,3
1220,100001221,0,0,51,1,155551,1,1,3
1221,100001222,0,1,26,1,94986,1,2,3
1222,100001223,0,0,34,1,175800,0,1,3
1223,100001224,0,0,51,1,126246,2,1,3
1224,100001225,0,0,33,1,116261,1,2,3
1225,100001226,0,1,32,1,117796,0,2,3
1226,100001227,0,0,39,1,115363,1,1,3
1227,100001228,0,0,53,1,169076,1,1,3
1228,100001229,0,0,34,1,97474,2,2,3
1229,100001230,0,0,37,1,140341,1,2,3
1230,100001231,0,1,28,1,114503,1,1,2
1231,100001232,0,1,25,1,102937,1,2,3
1232,100001233,0,0,36,1,151781,2,2,3
1233,100001234,0,1,36,1,123133,1,2,3
1234,100001235,0,0,35,1,118879,1,2,3
1235,100001236,0,1,21,1,158683,1,1,3
1236,100001237,0,1,29,1,107514,1,2,3
1237,100001238,0,0,60,2,193879,1,1,0
1238,100001239,0,0,45,1,135043,1,1,3
1239,100001240,0,1,56,2,108559,0,1,0
1240,100001241,0,1,30,1,121038,1,2,3
1241,100001242,0,0,52,1,151947,2,2,3
1242,100001243,0,1,26,1,118820,1,1,2
1243,100001244,0,0,43,1,121517,1,1,3
1244,100001245,0,0,34,1,113572,1,1,3
1245,100001246,0,1,22,1,131170,1,2,3
1246,100001247,0,0,42,1,92430,0,1,1
1247,100001248,0,0,38,1,124554,0,1,1
1248,100001249,0,1,29,1,115988,1,2,3
1249,100001250,0,0,44,1,107301,1,2,3
1250,100001251,0,1,29,1,103767,2,1,3
1251,100001252,0,0,44,1,141493,1,2,3
1252,100001253,0,0,38,1,154339,1,2,3
1253,100001254,0,1,26,1,112369,0,1,2
1254,100001255,0,0,53,1,158193,1,1,3
1255,100001256,0,0,43,1,143734,1,1,3
1256,100001257,0,0,33,1,121890,1,1,3
1257,100001258,0,0,52,1,127609,0,1,1
1258,100001259,0,1,26,1,94650,0,2,2
1259,100001260,0,0,38,1,175504,2,1,3
1260,100001261,0,0,47,1,165495,1,2,3
1261,100001262,0,1,26,1,120389,1,1,2
1262,100001263,0,1,36,1,165340,1,1,3
1263,100001264,0,0,36,1,119804,1,1,3
1264,100001265,0,0,57,2,154344,2,1,0
1265,100001266,0,1,31,1,106266,2,2,3
1266,100001267,0,0,45,1,136129,1,1,3
1267,100001268,0,0,40,1,151914,2,1,3
1268,100001269,0,1,21,1,121473,1,1,2
1269,100001270,0,0,46,1,127147,1,2,3
1270,100001271,0,0,35,1,125387,1,2,3
1271,100001272,0,1,31,1,139490,0,2,3
1272,100001273,0,0,51,1,124990,1,2,3
1273,100001274,0,1,21,1,101471,2,1,3
1274,100001275,0,0,48,1,155708,1,1,3
1275,100001276,0,0,48,1,142345,1,2,3
1276,100001277,0,0,68,2,148675,0,1,0
1277,100001278,0,1,45,2,116484,1,2,0
1278,100001279,0,0,35,1,150237,2,2,3
1279,100001280,0,1,22,1,100273,1,2,3
1280,100001281,0,0,44,1,122292,0,1,1
1281,100001282,0,0,52,1,159216,1,1,3
1282,100001283,0,0,48,1,130082,1,2,3
1283,100001284,0,0,33,1,139547,1,2,3
1284,100001285,0,1,35,1,122895,1,1,3
1285,100001286,0,1,64,2,154549,1,1,0
1286,100001287,0,0,58,1,149315,0,2,3
1287,100001288,0,1,24,1,118101,0,2,2
1288,100001289,0,0,40,1,115831,0,2,3
1289,100001290,0,0,49,1,118571,2,2,3
1290,100001291,0,0,31,1,138906,1,2,3
1291,100001292,0,0,46,1,98520,1,2,3
1292,100001293,0,0,46,1,106576,1,1,3
1293,100001294,0,0,49,1,121592,1,1,3
1294,100001295,0,0,29,1,135605,0,1,1
1295,100001296,0,0,37,1,114552,1,2,3
1296,100001297,0,0,33,1,151339,2,1,3
1297,100001298,0,0,71,2,170387,1,2,0
1298,100001299,0,0,35,1,118288,1,2,3
1299,100001300,0,0,40,1,109992,1,2,3
1300,100001301,1,0,27,1,90654,0,0,1
1301,100001302,1,0,61,2,113290,0,0,0
1302,100001303,1,1,29,1,100093,1,1,2
1303,100001304,1,0,33,1,109489,1,0,1
1304,100001305,1,0,56,2,139427,0,0,0
1305,100001306,1,1,27,1,123411,1,1,2
1306,100001307,1,1,22,1,137925,1,0,2
1307,100001308,1,1,19,1,99119,1,0,2
1308,100001309,1,1,28,1,91084,1,1,2
1309,100001310,1,1,24,1,110137,1,1,2
1310,100001311,1,1,27,1,67041,0,0,2
1311,100001312,1,1,30,1,127299,1,1,2
1312,100001313,1,0,26,1,84555,0,0,1
1313,100001314,1,1,26,1,123895,1,0,2
1314,100001315,1,1,23,1,94324,1,1,2
1315,100001316,1,1,28,1,96062,1,0,2
1316,100001317,1,1,67,3,144843,1,0,0
1317,100001318,1,1,27,1,107485,1,1,2
1318,100001319,1,1,32,1,98573,1,0,2
1319,100001320,1,0,24,1,107462,0,0,1
1320,100001321,1,1,28,1,115809,1,1,2
1321,100001322,1,0,48,2,118749,0,0,1
1322,100001323,1,1,32,1,139112,1,1,2
1323,100001324,1,1,25,1,94075,1,0,2
1324,100001325,1,1,57,2,62002,0,0,2
1325,100001326,1,1,28,1,127262,1,0,2
1326,100001327,1,1,24,1,122846,1,1,2
1327,100001328,1,1,25,1,61907,0,0,2
1328,100001329,1,0,31,1,89287,0,0,1
1329,100001330,1,0,33,1,103696,1,1,1
1330,100001331,1,1,50,2,147603,1,0,0
1331,100001332,1,1,58,2,139229,0,1,0
1332,100001333,1,1,27,1,107932,0,0,2
1333,100001334,1,1,48,2,116235,0,0,2
1334,100001335,1,1,22,1,85974,0,0,2
1335,100001336,1,1,40,1,124001,0,0,2
1336,100001337,1,1,32,1,121428,1,0,2
1337,100001338,1,0,25,1,93233,0,0,1
1338,100001339,1,1,27,1,67965,0,0,2
1339,100001340,1,1,27,1,88001,0,0,2
1340,100001341,1,1,23,1,129112,1,0,2
1341,100001342,1,1,32,1,109324,1,1,2
1342,100001343,1,1,25,1,112785,1,1,2
1343,100001344,1,1,46,2,136735,0,0,2
1344,100001345,1,1,21,1,107779,1,1,2
1345,100001346,1,1,29,1,103526,1,0,2
1346,100001347,1,1,31,1,93171,0,0,2
1347,100001348,1,0,26,1,106559,0,0,1
1348,100001349,1,1,23,1,112728,1,1,2
1349,100001350,1,0,38,1,102855,1,1,1
1350,100001351,1,0,35,1,85381,0,0,1
1351,100001352,1,1,27,1,100762,1,1,2
1352,100001353,1,1,22,1,131445,1,1,2
1353,100001354,1,1,52,2,123194,1,0,0
1354,100001355,1,1,19,1,99519,1,1,2
1355,100001356,1,1,23,1,112853,1,0,2
1356,100001357,1,0,42,1,110509,1,0,1
1357,100001358,1,1,27,1,106446,1,1,2
1358,100001359,1,1,39,2,89665,0,0,2
1359,100001360,1,1,50,2,128233,1,1,0
1360,100001361,1,1,36,1,133615,1,0,2
1361,100001362,1,1,25,1,115833,1,1,2
1362,100001363,1,1,27,1,65560,0,0,2
1363,100001364,1,1,30,1,118642,1,0,2
1364,100001365,1,0,22,1,63635,0,0,1
1365,100001366,1,1,27,1,122649,1,1,2
1366,100001367,1,0,31,1,143321,2,1,3
1367,100001368,1,1,29,1,99556,1,0,2
1368,100001369,1,0,34,1,36760,0,0,1
1369,100001370,1,0,33,1,71935,0,0,1
1370,100001371,1,1,26,1,114977,1,0,2
1371,100001372,1,1,36,1,147691,1,1,2
1372,100001373,1,1,26,1,54296,0,0,2
1373,100001374,1,1,39,1,80014,0,0,2
1374,100001375,1,1,44,2,77887,0,0,2
1375,100001376,1,1,46,2,98517,0,0,2
1376,100001377,1,1,31,1,103012,0,0,2
1377,100001378,1,0,26,1,121377,1,0,1
1378,100001379,1,1,22,1,91359,1,1,2
1379,100001380,1,0,48,2,104833,0,0,1
1380,100001381,1,1,27,1,101209,1,0,2
1381,100001382,1,0,30,1,58207,0,0,1
1382,100001383,1,1,27,1,116708,1,1,2
1383,100001384,1,1,36,1,107471,1,1,2
1384,100001385,1,1,31,1,128495,1,0,2
1385,100001386,1,0,21,1,124468,1,0,1
1386,100001387,1,1,26,1,106922,1,1,2
1387,100001388,1,0,24,1,104291,1,0,1
1388,100001389,1,1,29,1,98204,1,0,2
1389,100001390,1,1,32,1,127071,1,0,2
1390,100001391,1,1,45,2,85115,0,0,2
1391,100001392,1,1,58,2,104013,0,0,0
1392,100001393,1,1,25,1,89863,1,0,2
1393,100001394,1,1,67,3,135300,1,0,0
1394,100001395,1,1,53,2,107861,0,0,2
1395,100001396,1,1,24,1,123994,1,0,2
1396,100001397,1,0,20,1,91270,0,0,1
1397,100001398,1,1,71,3,133245,0,0,0
1398,100001399,1,1,31,1,118594,1,1,2
1399,100001400,1,1,27,1,40606,0,0,2
1400,100001401,1,1,36,1,129304,0,0,2
1401,100001402,1,1,25,1,113118,1,0,2
1402,100001403,1,0,41,1,133131,1,0,1
1403,100001404,1,1,30,1,106876,1,1,2
1404,100001405,1,1,32,1,130870,1,1,2
1405,100001406,1,1,29,1,125621,0,0,2
1406,100001407,1,0,27,1,78923,0,0,1
1407,100001408,1,1,32,1,123983,1,0,2
1408,100001409,1,1,25,1,75184,0,0,2
1409,100001410,1,0,24,1,109693,1,0,1
1410,100001411,1,1,63,2,86273,0,0,0
1411,100001412,1,0,42,2,113190,0,0,1
1412,100001413,1,1,22,1,109274,0,0,2
1413,100001414,1,1,46,2,143489,1,1,0
1414,100001415,1,1,24,1,99570,1,1,2
1415,100001416,1,0,30,1,139468,1,1,3
1416,100001417,1,1,44,2,108627,0,0,2
1417,100001418,1,0,25,1,106355,1,0,1
1418,100001419,1,1,27,1,96952,1,0,2
1419,100001420,1,1,27,1,141502,1,1,2
1420,100001421,1,1,34,1,110420,1,1,2
1421,100001422,1,1,18,1,97741,1,1,2
1422,100001423,1,1,25,1,99583,1,1,2
1423,100001424,1,1,21,1,63698,0,0,2
1424,100001425,1,1,26,1,116688,1,1,2
1425,100001426,1,1,27,1,131542,2,1,2
1426,100001427,1,0,25,1,136055,1,1,3
1427,100001428,1,1,30,1,100195,1,1,2
1428,100001429,1,0,66,3,131001,1,0,0
1429,100001430,1,1,25,1,104062,1,1,2
1430,100001431,1,1,43,2,137689,1,0,0
1431,100001432,1,1,35,1,137705,1,1,2
1432,100001433,1,0,70,3,69915,0,0,0
1433,100001434,1,0,35,1,68731,0,0,1
1434,100001435,1,1,26,1,105726,1,0,2
1435,100001436,1,0,29,1,78078,0,0,1
1436,100001437,1,1,22,1,110835,0,0,2
1437,100001438,1,0,26,1,115531,1,1,2
1438,100001439,1,1,36,1,92723,0,0,2
1439,100001440,1,1,35,1,107509,1,1,2
1440,100001441,1,1,28,1,116763,1,1,2
1441,100001442,1,1,24,1,100733,1,0,2
1442,100001443,1,1,34,1,92652,0,0,2
1443,100001444,1,1,25,1,106987,1,0,2
1444,100001445,1,1,54,2,51882,0,0,2
1445,100001446,1,0,46,2,104751,0,0,1
1446,100001447,1,1,42,1,50947,0,0,2
1447,100001448,1,0,45,2,126986,0,0,1
1448,100001449,1,0,48,2,110223,0,0,1
1449,100001450,1,0,21,1,100591,0,0,1
1450,100001451,1,1,31,1,123257,1,0,2
1451,100001452,1,0,35,1,137736,1,1,3
1452,100001453,1,1,36,1,110221,1,1,2
1453,100001454,1,1,32,1,99703,0,0,2
1454,100001455,1,1,26,1,106667,0,0,2
1455,100001456,1,1,34,1,143319,1,0,2
1456,100001457,1,1,65,2,135557,1,1,0
1457,100001458,1,1,50,2,93390,0,0,2
1458,100001459,1,1,39,1,97577,1,0,2
1459,100001460,1,0,52,2,124196,0,0,1
1460,100001461,1,1,36,1,81136,0,0,2
1461,100001462,1,1,29,1,119439,1,0,2
1462,100001463,1,1,36,1,145231,1,1,2
1463,100001464,1,1,36,1,85623,0,0,2
1464,100001465,1,1,27,1,145373,1,1,2
1465,100001466,1,1,36,1,135896,2,1,2
1466,100001467,1,1,26,1,106470,1,1,2
1467,100001468,1,0,57,2,113334,1,1,0
1468,100001469,1,0,27,1,100560,0,0,1
1469,100001470,1,1,58,2,108442,0,0,0
1470,100001471,1,1,27,1,64472,0,0,2
1471,100001472,1,1,49,2,120207,1,0,0
1472,100001473,1,1,43,2,101680,1,0,2
1473,100001474,1,0,45,2,92342,0,0,1
1474,100001475,1,1,27,1,98611,0,0,2
1475,100001476,1,1,34,1,97613,1,1,2
1476,100001477,1,1,21,1,82298,0,0,2
1477,100001478,1,1,54,2,125302,1,1,0
1478,100001479,1,1,43,2,108725,0,0,2
1479,100001480,1,0,25,1,85569,0,0,1
1480,100001481,1,0,57,2,110372,0,0,0
1481,100001482,1,1,26,1,100511,1,1,2
1482,100001483,1,0,30,1,110455,1,0,1
1483,100001484,1,0,58,2,141993,0,0,0
1484,100001485,1,1,25,1,121789,1,1,2
1485,100001486,1,1,23,1,138967,1,0,2
1486,100001487,1,0,22,1,105230,1,0,1
1487,100001488,1,1,21,1,90656,1,1,2
1488,100001489,1,1,20,1,115445,1,1,2
1489,100001490,1,1,22,1,59955,0,0,2
1490,100001491,1,0,27,1,126268,1,1,2
1491,100001492,1,0,24,1,80830,0,0,1
1492,100001493,1,1,23,1,123625,1,0,2
1493,100001494,1,1,26,1,102543,1,1,2
1494,100001495,1,0,28,1,101948,1,0,1
1495,100001496,1,1,64,3,142280,1,0,0
1496,100001497,1,1,26,1,105434,1,1,2
1497,100001498,1,1,31,1,106115,1,0,2
1498,100001499,1,0,28,1,111057,0,0,1
1499,100001500,1,1,25,1,117758,1,1,2
1500,100001501,1,0,49,2,118396,0,0,1
1501,100001502,1,1,33,1,136260,1,1,2
1502,100001503,1,0,27,1,97192,1,0,1
1503,100001504,1,1,59,2,62101,0,0,2
1504,100001505,1,1,28,1,123497,1,0,2
1505,100001506,1,1,24,1,120326,1,1,2
1506,100001507,1,1,26,1,66645,0,0,2
1507,100001508,1,0,33,1,83429,0,0,1
1508,100001509,1,0,37,1,107539,1,1,1
1509,100001510,1,1,46,2,153880,1,0,0
1510,100001511,1,1,62,2,140178,0,1,0
1511,100001512,1,0,26,1,100402,0,0,1
1512,100001513,1,1,49,2,122158,0,0,2
1513,100001514,1,1,25,1,89331,0,0,2
1514,100001515,1,1,37,1,125359,0,0,2
1515,100001516,1,0,31,1,124110,1,0,1
1516,100001517,1,0,25,1,93526,0,0,1
1517,100001518,1,1,21,1,70170,0,0,2
1518,100001519,1,1,27,1,82357,0,0,2
1519,100001520,1,1,29,1,126745,1,0,2
1520,100001521,1,1,30,1,103326,1,1,2
1521,100001522,1,1,26,1,116048,1,1,2
1522,100001523,1,1,40,2,137115,0,0,2
1523,100001524,1,1,23,1,105365,1,1,2
1524,100001525,1,1,31,1,95911,1,0,2
1525,100001526,1,1,29,1,88669,0,0,2
1526,100001527,1,0,22,1,103776,0,0,1
1527,100001528,1,1,26,1,108864,1,1,2
1528,100001529,1,0,39,1,106037,1,1,1
1529,100001530,1,0,35,1,84851,0,0,1
1530,100001531,1,1,26,1,95748,1,1,2
1531,100001532,1,1,28,1,133616,1,1,2
1532,100001533,1,1,56,2,132752,1,0,0
1533,100001534,1,1,22,1,95712,1,1,2
1534,100001535,1,1,26,1,109063,1,0,2
1535,100001536,1,0,41,1,113521,1,0,1
1536,100001537,1,1,29,1,109380,1,1,2
1537,100001538,1,1,42,2,82558,0,0,2
1538,100001539,1,1,50,2,124777,1,1,0
1539,100001540,1,1,33,1,133542,1,0,2
1540,100001541,1,1,28,1,116492,1,1,2
1541,100001542,1,1,27,1,68834,0,0,2
1542,100001543,1,1,27,1,124023,1,0,2
1543,100001544,1,0,28,1,63882,0,0,1
1544,100001545,1,1,24,1,122492,1,1,2
1545,100001546,1,0,28,1,141453,2,1,3
1546,100001547,1,1,32,1,99327,1,0,2
1547,100001548,1,0,32,1,45590,0,0,1
1548,100001549,1,0,30,1,71167,0,0,1
1549,100001550,1,1,29,1,111992,1,0,2
1550,100001551,1,1,37,1,145140,1,1,2
1551,100001552,1,1,24,1,49672,0,0,2
1552,100001553,1,1,36,1,75536,0,0,2
1553,100001554,1,1,40,2,86720,0,0,2
1554,100001555,1,1,51,2,97729,0,0,2
1555,100001556,1,1,33,1,106808,0,0,2
1556,100001557,1,0,31,1,117971,1,0,1
1557,100001558,1,1,29,1,97731,1,1,2
1558,100001559,1,0,48,2,109196,0,0,1
1559,100001560,1,1,25,1,94905,1,0,2
1560,100001561,1,0,28,1,57480,0,0,1
1561,100001562,1,1,23,1,109175,1,1,2
1562,100001563,1,1,32,1,111174,1,1,2
1563,100001564,1,1,34,1,127255,1,0,2
1564,100001565,1,0,23,1,115499,1,0,1
1565,100001566,1,1,25,1,109499,1,1,2
1566,100001567,1,0,25,1,104696,1,0,1
1567,100001568,1,1,27,1,104467,1,0,2
1568,100001569,1,1,29,1,120157,1,0,2
1569,100001570,1,1,46,2,81200,0,0,2
1570,100001571,1,1,61,2,97558,0,0,0
1571,100001572,1,1,25,1,95914,1,0,2
1572,100001573,1,1,67,3,128053,1,0,0
1573,100001574,1,1,49,2,101734,0,0,2
1574,100001575,1,1,21,1,126009,1,0,2
1575,100001576,1,0,19,1,91232,0,0,1
1576,100001577,1,1,67,3,128343,0,0,0
1577,100001578,1,1,31,1,110040,1,1,2
1578,100001579,1,1,27,1,38247,0,0,2
1579,100001580,1,1,37,1,129027,0,0,2
1580,100001581,1,1,27,1,115026,1,0,2
1581,100001582,1,0,36,1,130323,1,0,1
1582,100001583,1,1,24,1,103181,1,1,2
1583,100001584,1,1,31,1,138307,1,1,2
1584,100001585,1,1,29,1,122564,0,0,2
1585,100001586,1,0,28,1,82351,0,0,1
1586,100001587,1,1,34,1,125351,1,0,2
1587,100001588,1,1,26,1,82940,0,0,2
1588,100001589,1,0,21,1,108029,1,0,1
1589,100001590,1,1,63,2,82734,0,0,0
1590,100001591,1,0,38,2,116816,0,0,1
1591,100001592,1,1,20,1,113472,0,0,2
1592,100001593,1,1,44,2,143343,1,1,0
1593,100001594,1,1,31,1,104074,1,1,2
1594,100001595,1,0,33,1,138525,1,1,3
1595,100001596,1,1,49,2,106960,0,0,2
1596,100001597,1,0,26,1,108323,1,0,1
1597,100001598,1,1,28,1,95784,1,0,2
1598,100001599,1,1,30,1,140673,1,1,2
1599,100001600,1,1,36,1,104235,1,1,2
1600,100001601,1,1,27,1,54041,0,0,2
1601,100001602,0,0,23,0,107961,0,0,1
1602,100001603,0,0,31,0,113757,1,0,1
1603,100001604,1,1,27,1,94884,1,0,2
1604,100001605,1,1,25,1,126041,1,0,2
1605,100001606,1,1,23,1,64952,0,0,2
1606,100001607,0,1,27,1,66764,0,0,2
1607,100001608,1,0,38,1,67861,0,0,1
1608,100001609,0,0,44,1,113516,0,0,1
1609,100001610,1,1,42,1,46109,0,0,2
1610,100001611,1,1,25,1,103651,0,0,2
1611,100001612,0,1,40,1,75043,0,0,1
1612,100001613,1,1,24,1,116473,0,0,2
1613,100001614,1,0,39,1,96614,0,0,1
1614,100001615,0,0,24,0,66447,0,0,1
1615,100001616,1,0,50,1,119068,1,0,1
1616,100001617,1,1,28,1,122973,0,0,2
1617,100001618,1,1,36,1,81609,0,0,2
1618,100001619,0,0,36,1,105519,1,0,1
1619,100001620,1,1,40,1,86649,0,0,2
1620,100001621,1,0,31,0,76384,0,0,1
1621,100001622,0,1,27,1,67136,0,0,2
1622,100001623,1,1,35,1,93155,0,0,2
1623,100001624,0,0,51,1,124183,0,0,1
1624,100001625,1,0,26,0,64860,0,0,1
1625,100001626,0,0,33,1,87232,0,0,1
1626,100001627,1,1,27,1,92304,0,0,2
1627,100001628,0,0,38,1,84254,0,0,1
1628,100001629,1,0,30,0,106696,1,0,1
1629,100001630,0,0,28,0,113212,1,0,1
1630,100001631,0,0,23,0,71076,0,0,1
1631,100001632,1,1,23,1,114270,0,0,2
1632,100001633,1,1,26,1,125538,1,0,2
1633,100001634,1,1,21,1,92442,0,0,2
1634,100001635,1,0,36,1,75297,0,0,1
1635,100001636,1,1,24,1,65707,0,0,2
1636,100001637,0,0,41,1,120387,1,0,1
1637,100001638,0,0,42,1,120946,1,0,1
1638,100001639,0,0,27,0,73265,0,0,1
1639,100001640,0,1,40,1,77481,0,0,1
1640,100001641,1,1,34,1,91282,0,0,2
1641,100001642,0,0,40,1,104405,0,0,1
1642,100001643,0,0,33,1,99646,1,0,1
1643,100001644,1,0,49,1,97791,0,0,1
1644,100001645,0,0,28,0,81878,0,0,1
1645,100001646,1,1,26,1,107908,1,0,2
1646,100001647,1,0,40,1,98608,0,0,1
1647,100001648,0,0,47,1,95228,0,0,1
1648,100001649,1,1,41,1,128163,1,0,2
1649,100001650,1,1,29,1,94325,0,0,2
1650,100001651,1,1,37,1,90815,0,0,2
1651,100001652,0,0,31,0,120719,1,0,1
1652,100001653,0,0,35,1,110159,1,0,1
1653,100001654,0,0,35,1,124490,1,0,1
1654,100001655,1,1,29,1,75161,0,0,2
1655,100001656,1,0,37,1,127206,1,0,1
1656,100001657,0,0,37,1,83660,0,0,1
1657,100001658,1,1,26,1,87400,0,0,2
1658,100001659,1,1,28,1,78942,0,0,2
1659,100001660,1,1,23,1,88452,0,0,2
1660,100001661,0,0,38,1,104128,1,0,1
1661,100001662,1,1,30,1,100313,1,0,2
1662,100001663,1,0,45,1,107387,1,0,1
1663,100001664,0,0,24,0,84355,0,0,1
1664,100001665,1,0,35,1,112723,1,0,1
1665,100001666,1,1,41,1,115892,1,0,2
1666,100001667,0,1,30,1,106597,1,0,2
1667,100001668,1,1,30,1,121327,1,0,2
1668,100001669,1,1,26,1,92559,0,0,2
1669,100001670,1,1,25,1,87537,0,0,2
1670,100001671,1,1,23,1,70569,0,0,2
1671,100001672,1,1,27,1,85294,0,0,2
1672,100001673,1,0,26,0,70905,0,0,1
1673,100001674,0,0,25,0,103716,0,0,1
1674,100001675,0,1,27,1,94947,1,0,2
1675,100001676,1,0,42,1,80116,0,0,1
1676,100001677,0,0,35,1,86492,0,0,1
1677,100001678,1,1,25,1,88672,0,0,2
1678,100001679,1,1,26,1,82984,0,0,2
1679,100001680,0,0,38,1,128100,1,0,1
1680,100001681,1,0,28,0,72869,0,0,1
1681,100001682,0,1,33,1,112227,1,0,2
1682,100001683,1,0,40,1,94674,0,0,1
1683,100001684,1,1,23,1,101003,1,0,2
1684,100001685,1,0,25,0,112924,1,0,1
1685,100001686,1,0,28,0,108645,0,0,1
1686,100001687,0,0,41,1,69415,0,0,1
1687,100001688,1,0,50,1,112204,0,0,1
1688,100001689,1,1,23,1,109700,1,0,2
1689,100001690,1,1,26,1,104484,1,0,2
1690,100001691,1,1,22,1,61239,0,0,2
1691,100001692,0,0,37,1,119602,0,0,1
1692,100001693,1,0,38,1,81014,0,0,1
1693,100001694,1,1,22,1,68165,0,0,2
1694,100001695,1,0,30,0,88652,0,0,1
1695,100001696,0,0,38,1,75705,0,0,1
1696,100001697,1,1,36,1,104189,1,0,2
1697,100001698,0,0,41,1,71603,0,0,1
1698,100001699,1,1,29,1,121914,1,0,2
1699,100001700,1,1,31,1,106637,1,0,2
1700,100001701,1,0,31,0,99800,1,0,1
1701,100001702,1,0,21,0,67629,0,0,1
1702,100001703,0,0,32,0,120354,1,0,1
1703,100001704,1,1,35,1,122110,1,0,2
1704,100001705,0,0,29,0,89170,0,0,1
1705,100001706,1,0,34,1,109195,1,0,1
1706,100001707,1,0,38,1,92392,0,0,1
1707,100001708,1,1,33,1,43805,0,0,2
1708,100001709,1,1,28,1,68389,0,0,2
1709,100001710,1,1,28,1,112521,1,0,2
1710,100001711,0,0,21,0,59255,0,0,1
1711,100001712,1,1,29,1,98612,0,0,2
1712,100001713,1,1,26,1,70649,0,0,2
1713,100001714,1,0,40,1,95228,0,0,1
1714,100001715,1,0,25,0,46865,0,0,1
1715,100001716,0,1,20,1,101688,1,0,2
1716,100001717,1,1,23,1,62618,0,0,2
1717,100001718,1,0,27,0,102531,1,0,1
1718,100001719,1,0,36,1,100737,1,0,1
1719,100001720,1,1,25,1,107321,1,0,2
1720,100001721,1,1,25,1,112879,0,0,2
1721,100001722,1,1,34,1,125372,0,0,2
1722,100001723,1,0,24,0,69419,0,0,1
1723,100001724,1,0,36,1,124759,1,0,1
1724,100001725,1,0,40,1,79076,0,0,1
1725,100001726,0,0,39,1,84779,0,0,1
1726,100001727,1,0,42,1,77393,0,0,1
1727,100001728,0,0,35,1,113187,0,0,1
1728,100001729,1,1,27,1,99100,1,0,2
1729,100001730,0,0,27,0,64954,0,0,1
1730,100001731,1,1,23,1,103244,1,0,2
1731,100001732,1,1,32,1,124975,1,0,2
1732,100001733,0,1,28,1,133582,1,0,2
1733,100001734,0,0,22,0,103519,1,0,1
1734,100001735,0,0,31,0,117813,1,0,1
1735,100001736,1,1,22,1,119902,1,0,2
1736,100001737,0,0,23,0,70783,0,0,1
1737,100001738,1,1,35,1,125470,0,0,2
1738,100001739,1,1,26,1,109782,0,0,2
1739,100001740,1,1,28,1,78322,0,0,2
1740,100001741,0,0,54,1,125517,1,0,1
1741,100001742,1,0,49,1,102463,0,0,1
1742,100001743,1,0,38,1,89309,0,0,1
1743,100001744,1,0,47,1,110287,1,0,1
1744,100001745,1,0,49,1,122391,0,0,1
1745,100001746,1,1,30,1,116399,1,0,2
1746,100001747,1,0,32,0,81907,0,0,1
1747,100001748,1,1,24,1,97909,0,0,2
1748,100001749,1,0,25,0,68051,0,0,1
1749,100001750,0,0,33,1,82414,0,0,1
1750,100001751,1,1,34,1,123089,1,0,2
1751,100001752,1,1,24,1,66537,0,0,2
1752,100001753,1,0,36,1,127926,0,0,1
1753,100001754,1,0,41,1,78963,0,0,1
1754,100001755,0,1,33,1,108694,1,0,2
1755,100001756,1,1,26,1,100892,1,0,2
1756,100001757,1,0,36,1,119560,1,0,1
1757,100001758,1,0,35,1,116176,0,0,1
1758,100001759,0,0,29,0,111854,1,0,1
1759,100001760,1,1,26,1,69831,0,0,2
1760,100001761,0,0,31,0,69375,0,0,1
1761,100001762,0,1,26,1,71310,0,0,2
1762,100001763,0,0,47,1,73913,0,0,1
1763,100001764,0,1,20,1,95492,1,0,2
1764,100001765,0,0,45,1,109329,0,0,1
1765,100001766,0,0,36,1,116027,1,0,1
1766,100001767,0,1,31,1,81987,0,0,2
1767,100001768,1,0,41,1,83481,0,0,1
1768,100001769,1,0,31,0,72361,0,0,1
1769,100001770,1,1,27,1,106625,0,0,2
1770,100001771,1,1,32,1,123707,1,0,2
1771,100001772,1,0,43,1,79353,0,0,1
1772,100001773,1,0,32,0,68347,0,0,1
1773,100001774,1,1,29,1,115832,1,0,2
1774,100001775,0,0,37,1,89946,0,0,1
1775,100001776,1,0,35,1,86319,0,0,1
1776,100001777,1,1,23,1,70963,0,0,2
1777,100001778,0,0,40,1,106120,1,0,1
1778,100001779,1,1,26,1,97856,1,0,2
1779,100001780,0,0,28,0,61824,0,0,1
1780,100001781,1,1,40,1,103907,1,0,2
1781,100001782,1,1,26,1,99953,0,0,2
1782,100001783,1,1,23,1,113413,1,0,2
1783,100001784,0,0,26,0,107091,0,0,1
1784,100001785,0,0,26,0,124783,1,0,1
1785,100001786,1,0,49,1,92281,0,0,1
1786,100001787,1,1,26,1,96219,1,0,2
1787,100001788,1,0,35,1,86221,0,0,1
1788,100001789,1,1,24,1,80962,0,0,2
1789,100001790,1,0,46,1,78754,0,0,1
1790,100001791,0,0,26,0,60026,0,0,1
1791,100001792,0,0,47,1,88157,0,0,1
1792,100001793,0,0,27,0,59881,0,0,1
1793,100001794,0,1,41,1,112818,1,0,2
1794,100001795,1,1,29,1,102250,1,0,2
1795,100001796,1,1,28,1,38980,0,0,2
1796,100001797,1,1,33,1,81807,0,0,2
1797,100001798,1,0,50,1,93148,0,0,1
1798,100001799,1,1,32,1,108032,1,0,2
1799,100001800,0,1,31,1,89335,0,0,2
1800,100001801,0,0,52,1,95639,0,0,1
1801,100001802,0,0,53,1,124902,1,0,1
1802,100001803,1,1,34,1,87801,0,0,2
1803,100001804,1,1,22,1,92538,1,0,2
1804,100001805,0,1,33,1,83687,0,0,2
1805,100001806,0,0,32,0,128310,1,0,1
1806,100001807,1,0,45,1,104754,0,0,1
1807,100001808,0,1,25,1,68222,0,0,2
1808,100001809,1,1,41,1,97006,0,0,2
1809,100001810,1,0,36,1,107372,0,0,1
1810,100001811,1,1,27,1,110511,1,0,2
1811,100001812,0,0,40,1,72193,0,0,1
1812,100001813,1,0,37,1,95972,0,0,1
1813,100001814,0,0,35,1,105556,0,0,1
1814,100001815,0,0,34,1,88701,0,0,1
1815,100001816,1,0,28,0,117710,1,0,1
1816,100001817,1,0,44,1,76057,0,0,1
1817,100001818,0,1,27,1,100392,1,0,2
1818,100001819,1,0,50,1,113308,1,0,1
1819,100001820,1,1,18,1,100924,1,0,2
1820,100001821,1,0,25,0,72188,0,0,1
1821,100001822,1,1,40,1,70431,0,0,2
1822,100001823,0,1,28,1,110103,1,0,2
1823,100001824,1,1,23,1,60825,0,0,2
1824,100001825,1,1,35,1,75100,0,0,2
1825,100001826,1,1,28,1,129327,1,0,2
1826,100001827,1,0,23,0,95541,1,0,1
1827,100001828,0,1,34,1,112777,1,0,2
1828,100001829,1,1,29,1,51496,0,0,2
1829,100001830,1,0,35,1,102781,1,0,1
1830,100001831,1,1,32,1,87494,0,0,2
1831,100001832,1,0,46,1,72728,0,0,1
1832,100001833,1,1,27,1,114775,1,0,2
1833,100001834,1,1,25,1,124359,1,0,2
1834,100001835,1,1,27,1,101620,0,0,2
1835,100001836,1,1,24,1,87964,0,0,2
1836,100001837,1,0,33,0,69523,0,0,1
1837,100001838,1,1,24,1,109486,1,0,2
1838,100001839,1,0,28,0,77206,0,0,1
1839,100001840,1,0,35,1,53608,0,0,1
1840,100001841,1,1,30,1,118677,1,0,2
1841,100001842,0,0,43,1,116512,1,0,1
1842,100001843,0,1,21,1,114756,0,0,2
1843,100001844,1,1,24,1,65852,0,0,2
1844,100001845,0,0,34,1,75626,0,0,1
1845,100001846,1,1,26,1,127455,1,0,2
1846,100001847,0,0,37,1,107073,1,0,1
1847,100001848,1,1,32,1,82196,0,0,2
1848,100001849,1,1,33,1,106741,0,0,2
1849,100001850,0,1,28,1,94518,1,0,2
1850,100001851,1,1,30,1,114430,1,0,2
1851,100001852,1,1,26,1,57165,0,0,2
1852,100001853,1,0,25,0,109610,0,0,1
1853,100001854,0,0,33,0,113619,1,0,1
1854,100001855,1,1,30,1,93854,1,0,2
1855,100001856,1,1,26,1,129022,1,0,2
1856,100001857,0,1,23,1,66804,0,0,2
1857,100001858,0,1,25,1,62689,0,0,2
1858,100001859,1,0,40,1,67619,0,0,1
1859,100001860,0,0,46,1,113495,0,0,1
1860,100001861,1,1,43,1,48632,0,0,2
1861,100001862,1,1,22,1,107394,0,0,2
1862,100001863,0,1,39,1,72385,0,0,1
1863,100001864,1,1,27,1,115934,0,0,2
1864,100001865,0,0,40,1,93183,0,0,1
1865,100001866,0,0,24,0,63506,0,0,1
1866,100001867,1,0,52,1,113619,1,0,1
1867,100001868,1,1,30,1,121399,0,0,2
1868,100001869,1,1,34,1,78281,0,0,2
1869,100001870,1,0,38,1,103926,1,0,1
1870,100001871,0,1,39,1,89097,0,0,1
1871,100001872,1,0,29,0,80852,0,0,1
1872,100001873,0,1,25,1,65207,0,0,2
1873,100001874,1,1,35,1,93495,0,0,2
1874,100001875,0,0,53,1,121970,0,0,1
1875,100001876,0,0,26,0,62027,0,0,1
1876,100001877,0,0,33,1,88602,0,0,1
1877,100001878,0,1,29,1,89914,0,0,2
1878,100001879,0,0,39,1,83342,0,0,1
1879,100001880,0,0,29,0,103439,1,0,1
1880,100001881,0,0,26,0,115451,1,0,1
1881,100001882,0,0,24,0,68250,0,0,1
1882,100001883,1,1,21,1,113630,0,0,2
1883,100001884,1,1,26,1,125880,1,0,2
1884,100001885,1,1,20,1,91177,0,0,2
1885,100001886,1,0,35,1,73266,0,0,1
1886,100001887,1,1,24,1,69021,0,0,2
1887,100001888,1,0,40,1,122593,1,0,1
1888,100001889,1,0,44,1,122180,1,0,1
1889,100001890,0,0,29,0,75160,0,0,1
1890,100001891,1,1,39,1,81973,0,0,2
1891,100001892,1,1,35,1,92194,0,0,2
1892,100001893,0,0,42,1,107380,0,0,1
1893,100001894,1,0,32,1,98023,1,0,1
1894,100001895,0,0,48,1,94868,0,0,1
1895,100001896,0,0,26,0,83442,0,0,1
1896,100001897,1,1,26,1,109887,1,0,2
1897,100001898,0,0,42,1,98876,0,0,1
1898,100001899,0,0,48,1,94962,0,0,1
1899,100001900,1,1,42,1,130740,1,0,2
1900,100001901,1,1,27,1,94095,0,0,2
1901,100001902,1,1,37,1,95071,0,0,2
1902,100001903,0,0,33,0,117308,1,0,1
1903,100001904,0,0,33,1,112093,1,0,1
1904,100001905,1,0,37,1,123893,1,0,1
1905,100001906,1,1,31,1,80189,0,0,2
1906,100001907,0,0,39,1,124089,1,0,1
1907,100001908,1,0,40,1,82673,0,0,1
1908,100001909,1,1,28,1,88858,0,0,2
1909,100001910,1,1,26,1,80540,0,0,2
1910,100001911,1,1,24,1,84228,0,0,2
1911,100001912,0,0,40,1,103963,1,0,1
1912,100001913,1,1,29,1,102397,1,0,2
1913,100001914,0,0,43,1,111563,1,0,1
1914,100001915,0,0,23,0,88260,0,0,1
1915,100001916,1,0,34,1,114767,1,0,1
1916,100001917,1,1,42,1,113275,1,0,2
1917,100001918,1,1,33,1,104755,1,0,2
1918,100001919,1,1,32,1,120525,1,0,2
1919,100001920,1,1,26,1,96082,0,0,2
1920,100001921,1,1,23,1,87227,0,0,2
1921,100001922,1,1,26,1,69333,0,0,2
1922,100001923,1,1,27,1,87777,0,0,2
1923,100001924,0,0,24,0,70978,0,0,1
1924,100001925,0,0,27,0,104196,0,0,1
1925,100001926,1,1,26,1,97551,1,0,2
1926,100001927,1,0,42,1,78979,0,0,1
1927,100001928,1,0,37,1,82500,0,0,1
1928,100001929,1,1,26,1,86306,0,0,2
1929,100001930,1,1,24,1,78762,0,0,2
1930,100001931,1,0,39,1,125543,1,0,1
1931,100001932,0,0,26,0,70336,0,0,1
1932,100001933,0,1,35,1,112975,1,0,2
1933,100001934,0,0,38,1,96681,0,0,1
1934,100001935,1,1,24,1,98922,1,0,2
1935,100001936,1,0,26,0,109250,1,0,1
1936,100001937,0,0,25,0,108960,0,0,1
1937,100001938,0,0,40,1,71302,0,0,1
1938,100001939,1,0,48,1,107757,0,0,1
1939,100001940,1,1,22,1,111600,1,0,2
1940,100001941,1,1,25,1,102974,1,0,2
1941,100001942,0,1,24,1,63442,0,0,2
1942,100001943,0,0,39,1,118913,0,0,1
1943,100001944,0,0,39,1,80987,0,0,1
1944,100001945,1,1,21,1,68790,0,0,2
1945,100001946,1,0,27,0,86462,0,0,1
1946,100001947,0,0,40,1,76881,0,0,1
1947,100001948,1,1,37,1,107409,1,0,2
1948,100001949,1,0,42,1,69114,0,0,1
1949,100001950,1,1,31,1,119167,1,0,2
1950,100001951,1,1,31,1,102018,1,0,2
1951,100001952,0,0,30,0,97680,1,0,1
1952,100001953,1,0,23,0,65062,0,0,1
1953,100001954,0,0,33,0,118144,1,0,1
1954,100001955,1,1,37,1,124548,1,0,2
1955,100001956,1,0,29,0,85637,0,0,1
1956,100001957,1,0,31,1,113108,1,0,1
1957,100001958,0,0,39,1,93554,0,0,1
1958,100001959,1,1,33,1,42516,0,0,2
1959,100001960,0,1,26,1,72429,0,0,2
1960,100001961,1,1,27,1,110154,1,0,2
1961,100001962,1,0,20,0,60965,0,0,1
1962,100001963,1,1,27,1,100618,0,0,2
1963,100001964,1,1,26,1,71021,0,0,2
1964,100001965,0,0,40,1,94189,0,0,1
1965,100001966,0,0,24,0,44742,0,0,1
1966,100001967,1,1,22,1,103201,1,0,2
1967,100001968,1,1,24,1,62335,0,0,2
1968,100001969,1,0,27,0,103787,1,0,1
1969,100001970,0,0,35,1,99401,1,0,1
1970,100001971,0,1,27,1,105197,1,0,2
1971,100001972,1,1,25,1,115566,0,0,2
1972,100001973,1,1,34,1,125843,0,0,2
1973,100001974,1,0,24,0,67936,0,0,1
1974,100001975,1,0,34,1,120863,1,0,1
1975,100001976,0,0,42,1,77317,0,0,1
1976,100001977,1,0,38,1,84653,0,0,1
1977,100001978,0,0,42,1,81606,0,0,1
1978,100001979,1,0,35,1,113380,0,0,1
1979,100001980,1,1,27,1,100644,1,0,2
1980,100001981,0,0,25,0,64037,0,0,1
1981,100001982,1,1,23,1,101350,1,0,2
1982,100001983,1,1,34,1,126334,1,0,2
1983,100001984,1,1,28,1,130877,1,0,2
1984,100001985,0,0,21,0,103470,1,0,1
1985,100001986,1,0,32,0,114588,1,0,1
1986,100001987,1,1,21,1,120682,1,0,2
1987,100001988,0,0,25,0,66628,0,0,1
1988,100001989,1,1,35,1,124447,0,0,2
1989,100001990,1,1,25,1,106567,0,0,2
1990,100001991,1,1,31,1,78758,0,0,2
1991,100001992,0,0,54,1,128537,1,0,1
1992,100001993,1,0,51,1,101074,0,0,1
1993,100001994,1,0,38,1,87670,0,0,1
1994,100001995,0,0,45,1,113414,1,0,1
1995,100001996,1,0,47,1,123525,0,0,1
1996,100001997,1,1,27,1,117744,1,0,2
1997,100001998,0,0,31,0,86400,0,0,1
1998,100001999,1,1,24,1,97968,0,0,2
1999,100002000,0,0,25,0,68416,0,0,1
